# Blender 4.1.1
# www.blender.org
mtllib title.mtl
o テキスト
v 1.118226 0.106524 -0.035395
v 1.104909 0.106524 -0.027574
v 1.091578 0.106524 -0.020531
v 1.078122 0.106524 -0.014259
v 1.064430 0.106524 -0.008751
v 1.050390 0.106524 -0.004000
v 1.035893 0.106524 0.000001
v 1.020826 0.106524 0.003259
v 1.005078 0.106524 0.005781
v 0.988539 0.106524 0.007574
v 0.971097 0.106524 0.008645
v 0.952641 0.106524 0.009000
v 0.918942 0.106524 0.006665
v 0.887881 0.106524 -0.000093
v 0.859516 0.106524 -0.010906
v 0.833900 0.106524 -0.025407
v 0.811090 0.106524 -0.043228
v 0.791141 0.106524 -0.064000
v 0.774108 0.106524 -0.087355
v 0.760048 0.106524 -0.112926
v 0.749016 0.106524 -0.140344
v 0.741067 0.106524 -0.169241
v 0.736256 0.106524 -0.199249
v 0.734641 0.106524 -0.230000
v 0.736404 0.106524 -0.263056
v 0.741585 0.106524 -0.294111
v 0.750016 0.106524 -0.323000
v 0.761529 0.106524 -0.349556
v 0.775960 0.106524 -0.373611
v 0.793140 0.106524 -0.395000
v 0.812904 0.106524 -0.413556
v 0.835085 0.106524 -0.429111
v 0.859515 0.106524 -0.441500
v 0.886029 0.106524 -0.450556
v 0.914460 0.106524 -0.456111
v 0.944641 0.106524 -0.458000
v 0.973476 0.106524 -0.456310
v 1.000405 0.106524 -0.451232
v 1.025312 0.106524 -0.442750
v 1.048085 0.106524 -0.430852
v 1.068608 0.106524 -0.415523
v 1.086766 0.106524 -0.396750
v 1.102444 0.106524 -0.374519
v 1.115530 0.106524 -0.348815
v 1.125906 0.106524 -0.319625
v 1.133460 0.106524 -0.286935
v 1.138076 0.106524 -0.250731
v 1.139641 0.106524 -0.211000
v 0.823641 0.106524 -0.211000
v 0.827910 0.106524 -0.189648
v 0.833715 0.106524 -0.170097
v 0.841047 0.106524 -0.152359
v 0.849900 0.106524 -0.136444
v 0.860267 0.106524 -0.122363
v 0.872140 0.106524 -0.110125
v 0.885514 0.106524 -0.099741
v 0.900381 0.106524 -0.091222
v 0.916734 0.106524 -0.084578
v 0.934566 0.106524 -0.079819
v 0.953871 0.106524 -0.076957
v 0.974641 0.106524 -0.076000
v 0.988080 0.106524 -0.076413
v 1.001409 0.106524 -0.077639
v 1.014641 0.106524 -0.079656
v 1.027789 0.106524 -0.082444
v 1.040868 0.106524 -0.085983
v 1.053891 0.106524 -0.090250
v 1.066872 0.106524 -0.095226
v 1.079826 0.106524 -0.100889
v 1.092765 0.106524 -0.107219
v 1.105705 0.106524 -0.114194
v 1.118659 0.106524 -0.121795
v 1.131640 0.106524 -0.130000
v 1.131640 0.106524 -0.044000
v 1.050147 0.106524 -0.286469
v 1.047196 0.106524 -0.301833
v 1.042828 0.106524 -0.316031
v 1.037085 0.106524 -0.329000
v 1.030009 0.106524 -0.340677
v 1.021641 0.106524 -0.351000
v 1.012022 0.106524 -0.359906
v 1.001196 0.106524 -0.367333
v 0.989203 0.106524 -0.373219
v 0.976085 0.106524 -0.377500
v 0.961884 0.106524 -0.380115
v 0.946641 0.106524 -0.381000
v 0.930204 0.106524 -0.380172
v 0.914900 0.106524 -0.377708
v 0.900734 0.106524 -0.373641
v 0.887715 0.106524 -0.368000
v 0.875848 0.106524 -0.360818
v 0.865140 0.106524 -0.352125
v 0.855600 0.106524 -0.341953
v 0.847233 0.106524 -0.330333
v 0.840047 0.106524 -0.317297
v 0.834048 0.106524 -0.302875
v 0.829243 0.106524 -0.287099
v 0.825640 0.106524 -0.270000
v 1.051641 0.106524 -0.270000
v 0.070641 0.106524 -0.390000
v 0.082079 0.106524 -0.401001
v 0.093400 0.106524 -0.411009
v 0.104609 0.106524 -0.420031
v 0.115715 0.106524 -0.428074
v 0.126723 0.106524 -0.435145
v 0.137641 0.106524 -0.441250
v 0.148475 0.106524 -0.446397
v 0.159233 0.106524 -0.450593
v 0.169922 0.106524 -0.453844
v 0.180548 0.106524 -0.456157
v 0.191119 0.106524 -0.457541
v 0.201641 0.106524 -0.458000
v 0.215678 0.106524 -0.457418
v 0.229275 0.106524 -0.455681
v 0.242406 0.106524 -0.452797
v 0.255048 0.106524 -0.448778
v 0.267176 0.106524 -0.443634
v 0.278765 0.106524 -0.437375
v 0.289793 0.106524 -0.430012
v 0.300233 0.106524 -0.421556
v 0.310062 0.106524 -0.412016
v 0.319256 0.106524 -0.401403
v 0.327790 0.106524 -0.389727
v 0.335641 0.106524 -0.377000
v 0.345563 0.106524 -0.387837
v 0.355849 0.106524 -0.398278
v 0.366531 0.106524 -0.408219
v 0.377641 0.106524 -0.417556
v 0.389208 0.106524 -0.426184
v 0.401266 0.106524 -0.434000
v 0.413844 0.106524 -0.440899
v 0.426974 0.106524 -0.446778
v 0.440687 0.106524 -0.451531
v 0.455016 0.106524 -0.455056
v 0.469990 0.106524 -0.457247
v 0.485641 0.106524 -0.458000
v 0.507689 0.106524 -0.456561
v 0.528275 0.106524 -0.452324
v 0.547313 0.106524 -0.445406
v 0.564715 0.106524 -0.435926
v 0.580395 0.106524 -0.424001
v 0.594266 0.106524 -0.409750
v 0.606241 0.106524 -0.393291
v 0.616233 0.106524 -0.374741
v 0.624156 0.106524 -0.354219
v 0.629923 0.106524 -0.331843
v 0.633447 0.106524 -0.307730
v 0.634641 0.106524 -0.282000
v 0.634641 0.106524 0.000000
v 0.545641 0.106524 0.000000
v 0.545641 0.106524 -0.278000
v 0.544785 0.106524 -0.294351
v 0.542293 0.106524 -0.309389
v 0.538281 0.106524 -0.323094
v 0.532863 0.106524 -0.335444
v 0.526153 0.106524 -0.346420
v 0.518266 0.106524 -0.356000
v 0.509316 0.106524 -0.364163
v 0.499418 0.106524 -0.370889
v 0.488688 0.106524 -0.376156
v 0.477238 0.106524 -0.379944
v 0.465184 0.106524 -0.382233
v 0.452641 0.106524 -0.383000
v 0.445192 0.106524 -0.382719
v 0.437386 0.106524 -0.381417
v 0.429281 0.106524 -0.379156
v 0.420937 0.106524 -0.376000
v 0.412412 0.106524 -0.372010
v 0.403766 0.106524 -0.367250
v 0.395057 0.106524 -0.361781
v 0.386344 0.106524 -0.355667
v 0.377688 0.106524 -0.348969
v 0.369145 0.106524 -0.341750
v 0.360777 0.106524 -0.334073
v 0.352641 0.106524 -0.326000
v 0.352641 0.106524 0.000000
v 0.263641 0.106524 0.000000
v 0.263641 0.106524 -0.279000
v 0.262887 0.106524 -0.296381
v 0.260696 0.106524 -0.312051
v 0.257172 0.106524 -0.326047
v 0.252418 0.106524 -0.338407
v 0.246540 0.106524 -0.349171
v 0.239641 0.106524 -0.358375
v 0.231825 0.106524 -0.366058
v 0.223196 0.106524 -0.372259
v 0.213859 0.106524 -0.377016
v 0.203918 0.106524 -0.380366
v 0.193477 0.106524 -0.382348
v 0.182641 0.106524 -0.383000
v 0.171690 0.106524 -0.382700
v 0.161289 0.106524 -0.381764
v 0.151359 0.106524 -0.380141
v 0.141826 0.106524 -0.377778
v 0.132612 0.106524 -0.374623
v 0.123641 0.106524 -0.370625
v 0.114836 0.106524 -0.365731
v 0.106122 0.106524 -0.359889
v 0.097422 0.106524 -0.353047
v 0.088659 0.106524 -0.345153
v 0.079758 0.106524 -0.336155
v 0.070641 0.106524 -0.326000
v 0.070641 0.106524 0.000000
v -0.018359 0.106524 0.000000
v -0.018359 0.106524 -0.449000
v 0.070641 0.106524 -0.449000
v -0.103130 0.106524 -0.019639
v -0.112022 0.106524 -0.014032
v -0.120156 0.106524 -0.009141
v -0.127656 0.106524 -0.004926
v -0.134641 0.106524 -0.001350
v -0.141234 0.106524 0.001625
v -0.147557 0.106524 0.004038
v -0.153730 0.106524 0.005926
v -0.159875 0.106524 0.007328
v -0.166114 0.106524 0.008282
v -0.172568 0.106524 0.008827
v -0.179359 0.106524 0.009000
v -0.188737 0.106524 0.008706
v -0.197383 0.106524 0.007815
v -0.205313 0.106524 0.006313
v -0.212545 0.106524 0.004185
v -0.219096 0.106524 0.001419
v -0.224984 0.106524 -0.002000
v -0.230227 0.106524 -0.006086
v -0.234841 0.106524 -0.010852
v -0.238844 0.106524 -0.016312
v -0.242253 0.106524 -0.022481
v -0.245086 0.106524 -0.029373
v -0.247359 0.106524 -0.037000
v -0.257150 0.106524 -0.029583
v -0.267017 0.106524 -0.022829
v -0.276953 0.106524 -0.016734
v -0.286952 0.106524 -0.011296
v -0.297006 0.106524 -0.006511
v -0.307109 0.106524 -0.002375
v -0.317254 0.106524 0.001115
v -0.327433 0.106524 0.003963
v -0.337641 0.106524 0.006172
v -0.347869 0.106524 0.007745
v -0.358111 0.106524 0.008687
v -0.368359 0.106524 0.009000
v -0.384388 0.106524 0.007943
v -0.399424 0.106524 0.004880
v -0.413391 0.106524 -0.000031
v -0.426211 0.106524 -0.006630
v -0.437810 0.106524 -0.014756
v -0.448109 0.106524 -0.024250
v -0.457034 0.106524 -0.034953
v -0.464508 0.106524 -0.046704
v -0.470453 0.106524 -0.059344
v -0.474795 0.106524 -0.072713
v -0.477456 0.106524 -0.086652
v -0.478359 0.106524 -0.101000
v -0.476724 0.106524 -0.121994
v -0.472026 0.106524 -0.140616
v -0.464578 0.106524 -0.157078
v -0.454693 0.106524 -0.171593
v -0.442682 0.106524 -0.184371
v -0.428859 0.106524 -0.195625
v -0.413537 0.106524 -0.205567
v -0.397026 0.106524 -0.214407
v -0.379641 0.106524 -0.222359
v -0.361693 0.106524 -0.229634
v -0.343495 0.106524 -0.236444
v -0.325359 0.106524 -0.243000
v -0.246359 0.106524 -0.271000
v -0.246359 0.106524 -0.295000
v -0.246922 0.106524 -0.308318
v -0.248609 0.106524 -0.320296
v -0.251422 0.106524 -0.330969
v -0.255359 0.106524 -0.340370
v -0.260422 0.106524 -0.348536
v -0.266609 0.106524 -0.355500
v -0.273922 0.106524 -0.361297
v -0.282359 0.106524 -0.365963
v -0.291922 0.106524 -0.369531
v -0.302609 0.106524 -0.372037
v -0.314422 0.106524 -0.373515
v -0.327359 0.106524 -0.374000
v -0.339626 0.106524 -0.373518
v -0.351906 0.106524 -0.372060
v -0.364172 0.106524 -0.369609
v -0.376396 0.106524 -0.366148
v -0.388552 0.106524 -0.361659
v -0.400609 0.106524 -0.356125
v -0.412542 0.106524 -0.349528
v -0.424322 0.106524 -0.341852
v -0.435922 0.106524 -0.333078
v -0.447313 0.106524 -0.323190
v -0.458468 0.106524 -0.312170
v -0.469359 0.106524 -0.300000
v -0.469359 0.106524 -0.397000
v -0.460317 0.106524 -0.406813
v -0.450684 0.106524 -0.415755
v -0.440453 0.106524 -0.423828
v -0.429619 0.106524 -0.431037
v -0.418173 0.106524 -0.437385
v -0.406109 0.106524 -0.442875
v -0.393421 0.106524 -0.447511
v -0.380100 0.106524 -0.451296
v -0.366141 0.106524 -0.454234
v -0.351535 0.106524 -0.456329
v -0.336277 0.106524 -0.457583
v -0.320359 0.106524 -0.458000
v -0.298036 0.106524 -0.457036
v -0.276688 0.106524 -0.454120
v -0.256500 0.106524 -0.449219
v -0.237656 0.106524 -0.442296
v -0.220339 0.106524 -0.433318
v -0.204734 0.106524 -0.422250
v -0.191025 0.106524 -0.409057
v -0.179396 0.106524 -0.393704
v -0.170031 0.106524 -0.376156
v -0.163114 0.106524 -0.356380
v -0.158829 0.106524 -0.334339
v -0.157359 0.106524 -0.310000
v -0.157359 0.106524 -0.079000
v -0.157235 0.106524 -0.074976
v -0.156864 0.106524 -0.071394
v -0.156250 0.106524 -0.068234
v -0.155396 0.106524 -0.065481
v -0.154307 0.106524 -0.063117
v -0.152984 0.106524 -0.061125
v -0.151433 0.106524 -0.059487
v -0.149656 0.106524 -0.058185
v -0.147656 0.106524 -0.057203
v -0.145438 0.106524 -0.056523
v -0.143005 0.106524 -0.056128
v -0.140359 0.106524 -0.056000
v -0.137926 0.106524 -0.056186
v -0.135142 0.106524 -0.056736
v -0.132031 0.106524 -0.057641
v -0.128619 0.106524 -0.058889
v -0.124928 0.106524 -0.060470
v -0.120984 0.106524 -0.062375
v -0.116811 0.106524 -0.064592
v -0.112433 0.106524 -0.067111
v -0.107875 0.106524 -0.069922
v -0.103160 0.106524 -0.073014
v -0.098314 0.106524 -0.076377
v -0.093359 0.106524 -0.080000
v -0.093359 0.106524 -0.026000
v -0.265119 0.106524 -0.215484
v -0.283267 0.106524 -0.208875
v -0.300609 0.106524 -0.202078
v -0.316952 0.106524 -0.195000
v -0.332100 0.106524 -0.187547
v -0.345859 0.106524 -0.179625
v -0.358035 0.106524 -0.171141
v -0.368433 0.106524 -0.162000
v -0.376859 0.106524 -0.152109
v -0.383119 0.106524 -0.141375
v -0.387017 0.106524 -0.129703
v -0.388359 0.106524 -0.117000
v -0.387807 0.106524 -0.107988
v -0.386188 0.106524 -0.099486
v -0.383563 0.106524 -0.091547
v -0.379989 0.106524 -0.084222
v -0.375527 0.106524 -0.077564
v -0.370234 0.106524 -0.071625
v -0.364171 0.106524 -0.066457
v -0.357396 0.106524 -0.062111
v -0.349969 0.106524 -0.058641
v -0.341947 0.106524 -0.056097
v -0.333391 0.106524 -0.054533
v -0.324359 0.106524 -0.054000
v -0.317401 0.106524 -0.054289
v -0.310526 0.106524 -0.055144
v -0.303735 0.106524 -0.056547
v -0.297026 0.106524 -0.058481
v -0.290401 0.106524 -0.060930
v -0.283860 0.106524 -0.063875
v -0.277401 0.106524 -0.067299
v -0.271026 0.106524 -0.071185
v -0.264735 0.106524 -0.075516
v -0.258526 0.106524 -0.080273
v -0.252401 0.106524 -0.085440
v -0.246359 0.106524 -0.091000
v -0.246359 0.106524 -0.222000
v -0.602359 0.106524 -0.380000
v -0.594082 0.106524 -0.371445
v -0.586725 0.106524 -0.363227
v -0.580250 0.106524 -0.355266
v -0.574619 0.106524 -0.347482
v -0.569793 0.106524 -0.339795
v -0.565734 0.106524 -0.332125
v -0.562405 0.106524 -0.324393
v -0.559767 0.106524 -0.316519
v -0.557781 0.106524 -0.308422
v -0.556410 0.106524 -0.300023
v -0.555616 0.106524 -0.291242
v -0.555359 0.106524 -0.282000
v -0.555785 0.106524 -0.272641
v -0.557012 0.106524 -0.263130
v -0.558969 0.106524 -0.253562
v -0.561582 0.106524 -0.244037
v -0.564778 0.106524 -0.234650
v -0.568484 0.106524 -0.225500
v -0.572629 0.106524 -0.216683
v -0.577137 0.106524 -0.208296
v -0.581938 0.106524 -0.200438
v -0.586957 0.106524 -0.193204
v -0.592122 0.106524 -0.186692
v -0.597359 0.106524 -0.181000
v -0.613545 0.106524 -0.166895
v -0.631674 0.106524 -0.156162
v -0.651109 0.106524 -0.148172
v -0.671211 0.106524 -0.142296
v -0.691341 0.106524 -0.137907
v -0.710859 0.106524 -0.134375
v -0.729128 0.106524 -0.131072
v -0.745508 0.106524 -0.127370
v -0.759359 0.106524 -0.122641
v -0.770045 0.106524 -0.116255
v -0.776924 0.106524 -0.107584
v -0.779359 0.106524 -0.096000
v -0.778383 0.106524 -0.089951
v -0.775461 0.106524 -0.084273
v -0.770609 0.106524 -0.078922
v -0.763841 0.106524 -0.073852
v -0.755170 0.106524 -0.069018
v -0.744609 0.106524 -0.064375
v -0.732174 0.106524 -0.059878
v -0.717878 0.106524 -0.055481
v -0.701734 0.106524 -0.051141
v -0.683758 0.106524 -0.046810
v -0.663961 0.106524 -0.042445
v -0.642359 0.106524 -0.038000
v -0.619635 0.106524 -0.032638
v -0.599396 0.106524 -0.026102
v -0.581547 0.106524 -0.018469
v -0.565989 0.106524 -0.009815
v -0.552626 0.106524 -0.000216
v -0.541359 0.106524 0.010250
v -0.532093 0.106524 0.021508
v -0.524730 0.106524 0.033481
v -0.519172 0.106524 0.046094
v -0.515322 0.106524 0.059269
v -0.513084 0.106524 0.072929
v -0.512359 0.106524 0.087000
v -0.513991 0.106524 0.108510
v -0.518827 0.106524 0.128495
v -0.526781 0.106524 0.146891
v -0.537767 0.106524 0.163630
v -0.551697 0.106524 0.178646
v -0.568484 0.106524 0.191875
v -0.588043 0.106524 0.203249
v -0.610285 0.106524 0.212704
v -0.635125 0.106524 0.220172
v -0.662475 0.106524 0.225588
v -0.692249 0.106524 0.228886
v -0.724359 0.106524 0.230000
v -0.753851 0.106524 0.228833
v -0.781707 0.106524 0.225412
v -0.807750 0.106524 0.219859
v -0.831804 0.106524 0.212296
v -0.853691 0.106524 0.202844
v -0.873234 0.106524 0.191625
v -0.890257 0.106524 0.178760
v -0.904582 0.106524 0.164370
v -0.916031 0.106524 0.148578
v -0.924429 0.106524 0.131505
v -0.929597 0.106524 0.113271
v -0.931359 0.106524 0.094000
v -0.930626 0.106524 0.078058
v -0.928406 0.106524 0.063218
v -0.924672 0.106524 0.049453
v -0.919397 0.106524 0.036741
v -0.912552 0.106524 0.025056
v -0.904109 0.106524 0.014375
v -0.894042 0.106524 0.004673
v -0.882322 0.106524 -0.004074
v -0.868922 0.106524 -0.011891
v -0.853813 0.106524 -0.018801
v -0.836968 0.106524 -0.024829
v -0.818359 0.106524 -0.030000
v -0.825757 0.106524 -0.034731
v -0.832457 0.106524 -0.039431
v -0.838469 0.106524 -0.044109
v -0.843804 0.106524 -0.048778
v -0.848472 0.106524 -0.053446
v -0.852484 0.106524 -0.058125
v -0.855851 0.106524 -0.062825
v -0.858582 0.106524 -0.067556
v -0.860688 0.106524 -0.072328
v -0.862179 0.106524 -0.077153
v -0.863066 0.106524 -0.082040
v -0.863359 0.106524 -0.087000
v -0.862784 0.106524 -0.094160
v -0.861086 0.106524 -0.101116
v -0.858313 0.106524 -0.107828
v -0.854508 0.106524 -0.114259
v -0.849717 0.106524 -0.120371
v -0.843984 0.106524 -0.126125
v -0.837357 0.106524 -0.131483
v -0.829878 0.106524 -0.136407
v -0.821594 0.106524 -0.140859
v -0.812549 0.106524 -0.144801
v -0.802789 0.106524 -0.148194
v -0.792359 0.106524 -0.151000
v -0.792359 0.106524 -0.153000
v -0.800443 0.106524 -0.156604
v -0.808193 0.106524 -0.160417
v -0.815609 0.106524 -0.164437
v -0.822693 0.106524 -0.168667
v -0.829443 0.106524 -0.173104
v -0.835859 0.106524 -0.177750
v -0.841943 0.106524 -0.182604
v -0.847693 0.106524 -0.187667
v -0.853109 0.106524 -0.192937
v -0.858193 0.106524 -0.198417
v -0.862943 0.106524 -0.204104
v -0.867359 0.106524 -0.210000
v -0.871193 0.106524 -0.215854
v -0.874693 0.106524 -0.221917
v -0.877859 0.106524 -0.228188
v -0.880693 0.106524 -0.234667
v -0.883193 0.106524 -0.241354
v -0.885359 0.106524 -0.248250
v -0.887193 0.106524 -0.255354
v -0.888693 0.106524 -0.262667
v -0.889859 0.106524 -0.270187
v -0.890693 0.106524 -0.277917
v -0.891193 0.106524 -0.285854
v -0.891359 0.106524 -0.294000
v -0.889814 0.106524 -0.317216
v -0.885244 0.106524 -0.338815
v -0.877750 0.106524 -0.358719
v -0.867434 0.106524 -0.376852
v -0.854395 0.106524 -0.393138
v -0.838734 0.106524 -0.407500
v -0.820553 0.106524 -0.419862
v -0.799952 0.106524 -0.430148
v -0.777031 0.106524 -0.438281
v -0.751892 0.106524 -0.444185
v -0.724634 0.106524 -0.447784
v -0.695359 0.106524 -0.449000
v -0.510359 0.106524 -0.449000
v -0.510359 0.106524 -0.380000
v -0.734404 0.106524 -0.371247
v -0.745966 0.106524 -0.369056
v -0.756938 0.106524 -0.365531
v -0.767211 0.106524 -0.360778
v -0.776680 0.106524 -0.354899
v -0.785234 0.106524 -0.348000
v -0.792769 0.106524 -0.340184
v -0.799174 0.106524 -0.331556
v -0.804344 0.106524 -0.322219
v -0.808170 0.106524 -0.312278
v -0.810544 0.106524 -0.301837
v -0.811359 0.106524 -0.291000
v -0.810620 0.106524 -0.279093
v -0.808443 0.106524 -0.267912
v -0.804891 0.106524 -0.257516
v -0.800026 0.106524 -0.247963
v -0.793912 0.106524 -0.239313
v -0.786609 0.106524 -0.231625
v -0.778182 0.106524 -0.224958
v -0.768693 0.106524 -0.219370
v -0.758203 0.106524 -0.214922
v -0.746776 0.106524 -0.211671
v -0.734474 0.106524 -0.209678
v -0.721359 0.106524 -0.209000
v -0.709164 0.106524 -0.209717
v -0.697628 0.106524 -0.211819
v -0.686828 0.106524 -0.215234
v -0.676841 0.106524 -0.219889
v -0.667743 0.106524 -0.225710
v -0.659609 0.106524 -0.232625
v -0.652518 0.106524 -0.240561
v -0.646545 0.106524 -0.249444
v -0.641766 0.106524 -0.259203
v -0.638258 0.106524 -0.269764
v -0.636097 0.106524 -0.281054
v -0.635359 0.106524 -0.293000
v -0.636174 0.106524 -0.303587
v -0.638540 0.106524 -0.313782
v -0.642344 0.106524 -0.323484
v -0.647471 0.106524 -0.332593
v -0.653806 0.106524 -0.341006
v -0.661234 0.106524 -0.348625
v -0.669642 0.106524 -0.355348
v -0.678915 0.106524 -0.361074
v -0.688938 0.106524 -0.365703
v -0.699596 0.106524 -0.369134
v -0.710774 0.106524 -0.371267
v -0.722359 0.106524 -0.372000
v -0.759971 0.106524 0.022574
v -0.773748 0.106524 0.024259
v -0.786609 0.106524 0.027000
v -0.798471 0.106524 0.030741
v -0.809248 0.106524 0.035426
v -0.818859 0.106524 0.041000
v -0.827221 0.106524 0.047407
v -0.834248 0.106524 0.054593
v -0.839859 0.106524 0.062500
v -0.843971 0.106524 0.071074
v -0.846498 0.106524 0.080259
v -0.847359 0.106524 0.090000
v -0.846447 0.106524 0.100811
v -0.843725 0.106524 0.110736
v -0.839219 0.106524 0.119766
v -0.832952 0.106524 0.127889
v -0.824949 0.106524 0.135095
v -0.815234 0.106524 0.141375
v -0.803832 0.106524 0.146717
v -0.790767 0.106524 0.151111
v -0.776063 0.106524 0.154547
v -0.759744 0.106524 0.157014
v -0.741835 0.106524 0.158502
v -0.722359 0.106524 0.159000
v -0.703534 0.106524 0.158504
v -0.686091 0.106524 0.157032
v -0.670078 0.106524 0.154609
v -0.655545 0.106524 0.151259
v -0.642539 0.106524 0.147006
v -0.631109 0.106524 0.141875
v -0.621305 0.106524 0.135889
v -0.613174 0.106524 0.129074
v -0.606766 0.106524 0.121453
v -0.602128 0.106524 0.113051
v -0.599310 0.106524 0.103892
v -0.598359 0.106524 0.094000
v -0.600201 0.106524 0.080609
v -0.605429 0.106524 0.068875
v -0.613594 0.106524 0.058703
v -0.624248 0.106524 0.050000
v -0.636945 0.106524 0.042672
v -0.651235 0.106524 0.036625
v -0.666670 0.106524 0.031766
v -0.682804 0.106524 0.028000
v -0.699188 0.106524 0.025234
v -0.715373 0.106524 0.023375
v -0.730913 0.106524 0.022328
v -0.745359 0.106524 0.022000
v 1.118226 -0.106524 -0.035395
v 1.104909 -0.106524 -0.027574
v 1.091578 -0.106524 -0.020531
v 1.078122 -0.106524 -0.014259
v 1.064430 -0.106524 -0.008751
v 1.050390 -0.106524 -0.004000
v 1.035893 -0.106524 0.000001
v 1.020826 -0.106524 0.003259
v 1.005078 -0.106524 0.005781
v 0.988539 -0.106524 0.007574
v 0.971097 -0.106524 0.008645
v 0.952641 -0.106524 0.009000
v 0.918942 -0.106524 0.006665
v 0.887881 -0.106524 -0.000093
v 0.859516 -0.106524 -0.010906
v 0.833900 -0.106524 -0.025407
v 0.811090 -0.106524 -0.043228
v 0.791141 -0.106524 -0.064000
v 0.774108 -0.106524 -0.087355
v 0.760048 -0.106524 -0.112926
v 0.749016 -0.106524 -0.140344
v 0.741067 -0.106524 -0.169241
v 0.736256 -0.106524 -0.199249
v 0.734641 -0.106524 -0.230000
v 0.736404 -0.106524 -0.263056
v 0.741585 -0.106524 -0.294111
v 0.750016 -0.106524 -0.323000
v 0.761529 -0.106524 -0.349556
v 0.775960 -0.106524 -0.373611
v 0.793140 -0.106524 -0.395000
v 0.812904 -0.106524 -0.413556
v 0.835085 -0.106524 -0.429111
v 0.859515 -0.106524 -0.441500
v 0.886029 -0.106524 -0.450556
v 0.914460 -0.106524 -0.456111
v 0.944641 -0.106524 -0.458000
v 0.973476 -0.106524 -0.456310
v 1.000405 -0.106524 -0.451232
v 1.025312 -0.106524 -0.442750
v 1.048085 -0.106524 -0.430852
v 1.068608 -0.106524 -0.415523
v 1.086766 -0.106524 -0.396750
v 1.102444 -0.106524 -0.374519
v 1.115530 -0.106524 -0.348815
v 1.125906 -0.106524 -0.319625
v 1.133460 -0.106524 -0.286935
v 1.138076 -0.106524 -0.250731
v 1.139641 -0.106524 -0.211000
v 0.823641 -0.106524 -0.211000
v 0.827910 -0.106524 -0.189648
v 0.833715 -0.106524 -0.170097
v 0.841047 -0.106524 -0.152359
v 0.849900 -0.106524 -0.136444
v 0.860267 -0.106524 -0.122363
v 0.872140 -0.106524 -0.110125
v 0.885514 -0.106524 -0.099741
v 0.900381 -0.106524 -0.091222
v 0.916734 -0.106524 -0.084578
v 0.934566 -0.106524 -0.079819
v 0.953871 -0.106524 -0.076957
v 0.974641 -0.106524 -0.076000
v 0.988080 -0.106524 -0.076413
v 1.001409 -0.106524 -0.077639
v 1.014641 -0.106524 -0.079656
v 1.027789 -0.106524 -0.082444
v 1.040868 -0.106524 -0.085983
v 1.053891 -0.106524 -0.090250
v 1.066872 -0.106524 -0.095226
v 1.079826 -0.106524 -0.100889
v 1.092765 -0.106524 -0.107219
v 1.105705 -0.106524 -0.114194
v 1.118659 -0.106524 -0.121795
v 1.131640 -0.106524 -0.130000
v 1.131640 -0.106524 -0.044000
v 1.050147 -0.106524 -0.286469
v 1.047196 -0.106524 -0.301833
v 1.042828 -0.106524 -0.316031
v 1.037085 -0.106524 -0.329000
v 1.030009 -0.106524 -0.340677
v 1.021641 -0.106524 -0.351000
v 1.012022 -0.106524 -0.359906
v 1.001196 -0.106524 -0.367333
v 0.989203 -0.106524 -0.373219
v 0.976085 -0.106524 -0.377500
v 0.961884 -0.106524 -0.380115
v 0.946641 -0.106524 -0.381000
v 0.930204 -0.106524 -0.380172
v 0.914900 -0.106524 -0.377708
v 0.900734 -0.106524 -0.373641
v 0.887715 -0.106524 -0.368000
v 0.875848 -0.106524 -0.360818
v 0.865140 -0.106524 -0.352125
v 0.855600 -0.106524 -0.341953
v 0.847233 -0.106524 -0.330333
v 0.840047 -0.106524 -0.317297
v 0.834048 -0.106524 -0.302875
v 0.829243 -0.106524 -0.287099
v 0.825640 -0.106524 -0.270000
v 1.051641 -0.106524 -0.270000
v 0.070641 -0.106524 -0.390000
v 0.082079 -0.106524 -0.401001
v 0.093400 -0.106524 -0.411009
v 0.104609 -0.106524 -0.420031
v 0.115715 -0.106524 -0.428074
v 0.126723 -0.106524 -0.435145
v 0.137641 -0.106524 -0.441250
v 0.148475 -0.106524 -0.446397
v 0.159233 -0.106524 -0.450593
v 0.169922 -0.106524 -0.453844
v 0.180548 -0.106524 -0.456157
v 0.191119 -0.106524 -0.457541
v 0.201641 -0.106524 -0.458000
v 0.215678 -0.106524 -0.457418
v 0.229275 -0.106524 -0.455681
v 0.242406 -0.106524 -0.452797
v 0.255048 -0.106524 -0.448778
v 0.267176 -0.106524 -0.443634
v 0.278765 -0.106524 -0.437375
v 0.289793 -0.106524 -0.430012
v 0.300233 -0.106524 -0.421556
v 0.310062 -0.106524 -0.412016
v 0.319256 -0.106524 -0.401403
v 0.327790 -0.106524 -0.389727
v 0.335641 -0.106524 -0.377000
v 0.345563 -0.106524 -0.387837
v 0.355849 -0.106524 -0.398278
v 0.366531 -0.106524 -0.408219
v 0.377641 -0.106524 -0.417556
v 0.389208 -0.106524 -0.426184
v 0.401266 -0.106524 -0.434000
v 0.413844 -0.106524 -0.440899
v 0.426974 -0.106524 -0.446778
v 0.440687 -0.106524 -0.451531
v 0.455016 -0.106524 -0.455056
v 0.469990 -0.106524 -0.457247
v 0.485641 -0.106524 -0.458000
v 0.507689 -0.106524 -0.456561
v 0.528275 -0.106524 -0.452324
v 0.547313 -0.106524 -0.445406
v 0.564715 -0.106524 -0.435926
v 0.580395 -0.106524 -0.424001
v 0.594266 -0.106524 -0.409750
v 0.606241 -0.106524 -0.393291
v 0.616233 -0.106524 -0.374741
v 0.624156 -0.106524 -0.354219
v 0.629923 -0.106524 -0.331843
v 0.633447 -0.106524 -0.307730
v 0.634641 -0.106524 -0.282000
v 0.634641 -0.106524 0.000000
v 0.545641 -0.106524 0.000000
v 0.545641 -0.106524 -0.278000
v 0.544785 -0.106524 -0.294351
v 0.542293 -0.106524 -0.309389
v 0.538281 -0.106524 -0.323094
v 0.532863 -0.106524 -0.335444
v 0.526153 -0.106524 -0.346420
v 0.518266 -0.106524 -0.356000
v 0.509316 -0.106524 -0.364163
v 0.499418 -0.106524 -0.370889
v 0.488688 -0.106524 -0.376156
v 0.477238 -0.106524 -0.379944
v 0.465184 -0.106524 -0.382233
v 0.452641 -0.106524 -0.383000
v 0.445192 -0.106524 -0.382719
v 0.437386 -0.106524 -0.381417
v 0.429281 -0.106524 -0.379156
v 0.420937 -0.106524 -0.376000
v 0.412412 -0.106524 -0.372010
v 0.403766 -0.106524 -0.367250
v 0.395057 -0.106524 -0.361781
v 0.386344 -0.106524 -0.355667
v 0.377688 -0.106524 -0.348969
v 0.369145 -0.106524 -0.341750
v 0.360777 -0.106524 -0.334073
v 0.352641 -0.106524 -0.326000
v 0.352641 -0.106524 0.000000
v 0.263641 -0.106524 0.000000
v 0.263641 -0.106524 -0.279000
v 0.262887 -0.106524 -0.296381
v 0.260696 -0.106524 -0.312051
v 0.257172 -0.106524 -0.326047
v 0.252418 -0.106524 -0.338407
v 0.246540 -0.106524 -0.349171
v 0.239641 -0.106524 -0.358375
v 0.231825 -0.106524 -0.366058
v 0.223196 -0.106524 -0.372259
v 0.213859 -0.106524 -0.377016
v 0.203918 -0.106524 -0.380366
v 0.193477 -0.106524 -0.382348
v 0.182641 -0.106524 -0.383000
v 0.171690 -0.106524 -0.382700
v 0.161289 -0.106524 -0.381764
v 0.151359 -0.106524 -0.380141
v 0.141826 -0.106524 -0.377778
v 0.132612 -0.106524 -0.374623
v 0.123641 -0.106524 -0.370625
v 0.114836 -0.106524 -0.365731
v 0.106122 -0.106524 -0.359889
v 0.097422 -0.106524 -0.353047
v 0.088659 -0.106524 -0.345153
v 0.079758 -0.106524 -0.336155
v 0.070641 -0.106524 -0.326000
v 0.070641 -0.106524 0.000000
v -0.018359 -0.106524 0.000000
v -0.018359 -0.106524 -0.449000
v 0.070641 -0.106524 -0.449000
v -0.103130 -0.106524 -0.019639
v -0.112022 -0.106524 -0.014032
v -0.120156 -0.106524 -0.009141
v -0.127656 -0.106524 -0.004926
v -0.134641 -0.106524 -0.001350
v -0.141234 -0.106524 0.001625
v -0.147557 -0.106524 0.004038
v -0.153730 -0.106524 0.005926
v -0.159875 -0.106524 0.007328
v -0.166114 -0.106524 0.008282
v -0.172568 -0.106524 0.008827
v -0.179359 -0.106524 0.009000
v -0.188737 -0.106524 0.008706
v -0.197383 -0.106524 0.007815
v -0.205313 -0.106524 0.006313
v -0.212545 -0.106524 0.004185
v -0.219096 -0.106524 0.001419
v -0.224984 -0.106524 -0.002000
v -0.230227 -0.106524 -0.006086
v -0.234841 -0.106524 -0.010852
v -0.238844 -0.106524 -0.016312
v -0.242253 -0.106524 -0.022481
v -0.245086 -0.106524 -0.029373
v -0.247359 -0.106524 -0.037000
v -0.257150 -0.106524 -0.029583
v -0.267017 -0.106524 -0.022829
v -0.276953 -0.106524 -0.016734
v -0.286952 -0.106524 -0.011296
v -0.297006 -0.106524 -0.006511
v -0.307109 -0.106524 -0.002375
v -0.317254 -0.106524 0.001115
v -0.327433 -0.106524 0.003963
v -0.337641 -0.106524 0.006172
v -0.347869 -0.106524 0.007745
v -0.358111 -0.106524 0.008687
v -0.368359 -0.106524 0.009000
v -0.384388 -0.106524 0.007943
v -0.399424 -0.106524 0.004880
v -0.413391 -0.106524 -0.000031
v -0.426211 -0.106524 -0.006630
v -0.437810 -0.106524 -0.014756
v -0.448109 -0.106524 -0.024250
v -0.457034 -0.106524 -0.034953
v -0.464508 -0.106524 -0.046704
v -0.470453 -0.106524 -0.059344
v -0.474795 -0.106524 -0.072713
v -0.477456 -0.106524 -0.086652
v -0.478359 -0.106524 -0.101000
v -0.476724 -0.106524 -0.121994
v -0.472026 -0.106524 -0.140616
v -0.464578 -0.106524 -0.157078
v -0.454693 -0.106524 -0.171593
v -0.442682 -0.106524 -0.184371
v -0.428859 -0.106524 -0.195625
v -0.413537 -0.106524 -0.205567
v -0.397026 -0.106524 -0.214407
v -0.379641 -0.106524 -0.222359
v -0.361693 -0.106524 -0.229634
v -0.343495 -0.106524 -0.236444
v -0.325359 -0.106524 -0.243000
v -0.246359 -0.106524 -0.271000
v -0.246359 -0.106524 -0.295000
v -0.246922 -0.106524 -0.308318
v -0.248609 -0.106524 -0.320296
v -0.251422 -0.106524 -0.330969
v -0.255359 -0.106524 -0.340370
v -0.260422 -0.106524 -0.348536
v -0.266609 -0.106524 -0.355500
v -0.273922 -0.106524 -0.361297
v -0.282359 -0.106524 -0.365963
v -0.291922 -0.106524 -0.369531
v -0.302609 -0.106524 -0.372037
v -0.314422 -0.106524 -0.373515
v -0.327359 -0.106524 -0.374000
v -0.339626 -0.106524 -0.373518
v -0.351906 -0.106524 -0.372060
v -0.364172 -0.106524 -0.369609
v -0.376396 -0.106524 -0.366148
v -0.388552 -0.106524 -0.361659
v -0.400609 -0.106524 -0.356125
v -0.412542 -0.106524 -0.349528
v -0.424322 -0.106524 -0.341852
v -0.435922 -0.106524 -0.333078
v -0.447313 -0.106524 -0.323190
v -0.458468 -0.106524 -0.312170
v -0.469359 -0.106524 -0.300000
v -0.469359 -0.106524 -0.397000
v -0.460317 -0.106524 -0.406813
v -0.450684 -0.106524 -0.415755
v -0.440453 -0.106524 -0.423828
v -0.429619 -0.106524 -0.431037
v -0.418173 -0.106524 -0.437385
v -0.406109 -0.106524 -0.442875
v -0.393421 -0.106524 -0.447511
v -0.380100 -0.106524 -0.451296
v -0.366141 -0.106524 -0.454234
v -0.351535 -0.106524 -0.456329
v -0.336277 -0.106524 -0.457583
v -0.320359 -0.106524 -0.458000
v -0.298036 -0.106524 -0.457036
v -0.276688 -0.106524 -0.454120
v -0.256500 -0.106524 -0.449219
v -0.237656 -0.106524 -0.442296
v -0.220339 -0.106524 -0.433318
v -0.204734 -0.106524 -0.422250
v -0.191025 -0.106524 -0.409057
v -0.179396 -0.106524 -0.393704
v -0.170031 -0.106524 -0.376156
v -0.163114 -0.106524 -0.356380
v -0.158829 -0.106524 -0.334339
v -0.157359 -0.106524 -0.310000
v -0.157359 -0.106524 -0.079000
v -0.157235 -0.106524 -0.074976
v -0.156864 -0.106524 -0.071394
v -0.156250 -0.106524 -0.068234
v -0.155396 -0.106524 -0.065481
v -0.154307 -0.106524 -0.063117
v -0.152984 -0.106524 -0.061125
v -0.151433 -0.106524 -0.059487
v -0.149656 -0.106524 -0.058185
v -0.147656 -0.106524 -0.057203
v -0.145438 -0.106524 -0.056523
v -0.143005 -0.106524 -0.056128
v -0.140359 -0.106524 -0.056000
v -0.137926 -0.106524 -0.056186
v -0.135142 -0.106524 -0.056736
v -0.132031 -0.106524 -0.057641
v -0.128619 -0.106524 -0.058889
v -0.124928 -0.106524 -0.060470
v -0.120984 -0.106524 -0.062375
v -0.116811 -0.106524 -0.064592
v -0.112433 -0.106524 -0.067111
v -0.107875 -0.106524 -0.069922
v -0.103160 -0.106524 -0.073014
v -0.098314 -0.106524 -0.076377
v -0.093359 -0.106524 -0.080000
v -0.093359 -0.106524 -0.026000
v -0.265119 -0.106524 -0.215484
v -0.283267 -0.106524 -0.208875
v -0.300609 -0.106524 -0.202078
v -0.316952 -0.106524 -0.195000
v -0.332100 -0.106524 -0.187547
v -0.345859 -0.106524 -0.179625
v -0.358035 -0.106524 -0.171141
v -0.368433 -0.106524 -0.162000
v -0.376859 -0.106524 -0.152109
v -0.383119 -0.106524 -0.141375
v -0.387017 -0.106524 -0.129703
v -0.388359 -0.106524 -0.117000
v -0.387807 -0.106524 -0.107988
v -0.386188 -0.106524 -0.099486
v -0.383563 -0.106524 -0.091547
v -0.379989 -0.106524 -0.084222
v -0.375527 -0.106524 -0.077564
v -0.370234 -0.106524 -0.071625
v -0.364171 -0.106524 -0.066457
v -0.357396 -0.106524 -0.062111
v -0.349969 -0.106524 -0.058641
v -0.341947 -0.106524 -0.056097
v -0.333391 -0.106524 -0.054533
v -0.324359 -0.106524 -0.054000
v -0.317401 -0.106524 -0.054289
v -0.310526 -0.106524 -0.055144
v -0.303735 -0.106524 -0.056547
v -0.297026 -0.106524 -0.058481
v -0.290401 -0.106524 -0.060930
v -0.283860 -0.106524 -0.063875
v -0.277401 -0.106524 -0.067299
v -0.271026 -0.106524 -0.071185
v -0.264735 -0.106524 -0.075516
v -0.258526 -0.106524 -0.080273
v -0.252401 -0.106524 -0.085440
v -0.246359 -0.106524 -0.091000
v -0.246359 -0.106524 -0.222000
v -0.602359 -0.106524 -0.380000
v -0.594082 -0.106524 -0.371445
v -0.586725 -0.106524 -0.363227
v -0.580250 -0.106524 -0.355266
v -0.574619 -0.106524 -0.347482
v -0.569793 -0.106524 -0.339795
v -0.565734 -0.106524 -0.332125
v -0.562405 -0.106524 -0.324393
v -0.559767 -0.106524 -0.316519
v -0.557781 -0.106524 -0.308422
v -0.556410 -0.106524 -0.300023
v -0.555616 -0.106524 -0.291242
v -0.555359 -0.106524 -0.282000
v -0.555785 -0.106524 -0.272641
v -0.557012 -0.106524 -0.263130
v -0.558969 -0.106524 -0.253562
v -0.561582 -0.106524 -0.244037
v -0.564778 -0.106524 -0.234650
v -0.568484 -0.106524 -0.225500
v -0.572629 -0.106524 -0.216683
v -0.577137 -0.106524 -0.208296
v -0.581938 -0.106524 -0.200438
v -0.586957 -0.106524 -0.193204
v -0.592122 -0.106524 -0.186692
v -0.597359 -0.106524 -0.181000
v -0.613545 -0.106524 -0.166895
v -0.631674 -0.106524 -0.156162
v -0.651109 -0.106524 -0.148172
v -0.671211 -0.106524 -0.142296
v -0.691341 -0.106524 -0.137907
v -0.710859 -0.106524 -0.134375
v -0.729128 -0.106524 -0.131072
v -0.745508 -0.106524 -0.127370
v -0.759359 -0.106524 -0.122641
v -0.770045 -0.106524 -0.116255
v -0.776924 -0.106524 -0.107584
v -0.779359 -0.106524 -0.096000
v -0.778383 -0.106524 -0.089951
v -0.775461 -0.106524 -0.084273
v -0.770609 -0.106524 -0.078922
v -0.763841 -0.106524 -0.073852
v -0.755170 -0.106524 -0.069018
v -0.744609 -0.106524 -0.064375
v -0.732174 -0.106524 -0.059878
v -0.717878 -0.106524 -0.055481
v -0.701734 -0.106524 -0.051141
v -0.683758 -0.106524 -0.046810
v -0.663961 -0.106524 -0.042445
v -0.642359 -0.106524 -0.038000
v -0.619635 -0.106524 -0.032638
v -0.599396 -0.106524 -0.026102
v -0.581547 -0.106524 -0.018469
v -0.565989 -0.106524 -0.009815
v -0.552626 -0.106524 -0.000216
v -0.541359 -0.106524 0.010250
v -0.532093 -0.106524 0.021508
v -0.524730 -0.106524 0.033481
v -0.519172 -0.106524 0.046094
v -0.515322 -0.106524 0.059269
v -0.513084 -0.106524 0.072929
v -0.512359 -0.106524 0.087000
v -0.513991 -0.106524 0.108510
v -0.518827 -0.106524 0.128495
v -0.526781 -0.106524 0.146891
v -0.537767 -0.106524 0.163630
v -0.551697 -0.106524 0.178646
v -0.568484 -0.106524 0.191875
v -0.588043 -0.106524 0.203249
v -0.610285 -0.106524 0.212704
v -0.635125 -0.106524 0.220172
v -0.662475 -0.106524 0.225588
v -0.692249 -0.106524 0.228886
v -0.724359 -0.106524 0.230000
v -0.753851 -0.106524 0.228833
v -0.781707 -0.106524 0.225412
v -0.807750 -0.106524 0.219859
v -0.831804 -0.106524 0.212296
v -0.853691 -0.106524 0.202844
v -0.873234 -0.106524 0.191625
v -0.890257 -0.106524 0.178760
v -0.904582 -0.106524 0.164370
v -0.916031 -0.106524 0.148578
v -0.924429 -0.106524 0.131505
v -0.929597 -0.106524 0.113271
v -0.931359 -0.106524 0.094000
v -0.930626 -0.106524 0.078058
v -0.928406 -0.106524 0.063218
v -0.924672 -0.106524 0.049453
v -0.919397 -0.106524 0.036741
v -0.912552 -0.106524 0.025056
v -0.904109 -0.106524 0.014375
v -0.894042 -0.106524 0.004673
v -0.882322 -0.106524 -0.004074
v -0.868922 -0.106524 -0.011891
v -0.853813 -0.106524 -0.018801
v -0.836968 -0.106524 -0.024829
v -0.818359 -0.106524 -0.030000
v -0.825757 -0.106524 -0.034731
v -0.832457 -0.106524 -0.039431
v -0.838469 -0.106524 -0.044109
v -0.843804 -0.106524 -0.048778
v -0.848472 -0.106524 -0.053446
v -0.852484 -0.106524 -0.058125
v -0.855851 -0.106524 -0.062825
v -0.858582 -0.106524 -0.067556
v -0.860688 -0.106524 -0.072328
v -0.862179 -0.106524 -0.077153
v -0.863066 -0.106524 -0.082040
v -0.863359 -0.106524 -0.087000
v -0.862784 -0.106524 -0.094160
v -0.861086 -0.106524 -0.101116
v -0.858313 -0.106524 -0.107828
v -0.854508 -0.106524 -0.114259
v -0.849717 -0.106524 -0.120371
v -0.843984 -0.106524 -0.126125
v -0.837357 -0.106524 -0.131483
v -0.829878 -0.106524 -0.136407
v -0.821594 -0.106524 -0.140859
v -0.812549 -0.106524 -0.144801
v -0.802789 -0.106524 -0.148194
v -0.792359 -0.106524 -0.151000
v -0.792359 -0.106524 -0.153000
v -0.800443 -0.106524 -0.156604
v -0.808193 -0.106524 -0.160417
v -0.815609 -0.106524 -0.164437
v -0.822693 -0.106524 -0.168667
v -0.829443 -0.106524 -0.173104
v -0.835859 -0.106524 -0.177750
v -0.841943 -0.106524 -0.182604
v -0.847693 -0.106524 -0.187667
v -0.853109 -0.106524 -0.192937
v -0.858193 -0.106524 -0.198417
v -0.862943 -0.106524 -0.204104
v -0.867359 -0.106524 -0.210000
v -0.871193 -0.106524 -0.215854
v -0.874693 -0.106524 -0.221917
v -0.877859 -0.106524 -0.228188
v -0.880693 -0.106524 -0.234667
v -0.883193 -0.106524 -0.241354
v -0.885359 -0.106524 -0.248250
v -0.887193 -0.106524 -0.255354
v -0.888693 -0.106524 -0.262667
v -0.889859 -0.106524 -0.270187
v -0.890693 -0.106524 -0.277917
v -0.891193 -0.106524 -0.285854
v -0.891359 -0.106524 -0.294000
v -0.889814 -0.106524 -0.317216
v -0.885244 -0.106524 -0.338815
v -0.877750 -0.106524 -0.358719
v -0.867434 -0.106524 -0.376852
v -0.854395 -0.106524 -0.393138
v -0.838734 -0.106524 -0.407500
v -0.820553 -0.106524 -0.419862
v -0.799952 -0.106524 -0.430148
v -0.777031 -0.106524 -0.438281
v -0.751892 -0.106524 -0.444185
v -0.724634 -0.106524 -0.447784
v -0.695359 -0.106524 -0.449000
v -0.510359 -0.106524 -0.449000
v -0.510359 -0.106524 -0.380000
v -0.734404 -0.106524 -0.371247
v -0.745966 -0.106524 -0.369056
v -0.756938 -0.106524 -0.365531
v -0.767211 -0.106524 -0.360778
v -0.776680 -0.106524 -0.354899
v -0.785234 -0.106524 -0.348000
v -0.792769 -0.106524 -0.340184
v -0.799174 -0.106524 -0.331556
v -0.804344 -0.106524 -0.322219
v -0.808170 -0.106524 -0.312278
v -0.810544 -0.106524 -0.301837
v -0.811359 -0.106524 -0.291000
v -0.810620 -0.106524 -0.279093
v -0.808443 -0.106524 -0.267912
v -0.804891 -0.106524 -0.257516
v -0.800026 -0.106524 -0.247963
v -0.793912 -0.106524 -0.239313
v -0.786609 -0.106524 -0.231625
v -0.778182 -0.106524 -0.224958
v -0.768693 -0.106524 -0.219370
v -0.758203 -0.106524 -0.214922
v -0.746776 -0.106524 -0.211671
v -0.734474 -0.106524 -0.209678
v -0.721359 -0.106524 -0.209000
v -0.709164 -0.106524 -0.209717
v -0.697628 -0.106524 -0.211819
v -0.686828 -0.106524 -0.215234
v -0.676841 -0.106524 -0.219889
v -0.667743 -0.106524 -0.225710
v -0.659609 -0.106524 -0.232625
v -0.652518 -0.106524 -0.240561
v -0.646545 -0.106524 -0.249444
v -0.641766 -0.106524 -0.259203
v -0.638258 -0.106524 -0.269764
v -0.636097 -0.106524 -0.281054
v -0.635359 -0.106524 -0.293000
v -0.636174 -0.106524 -0.303587
v -0.638540 -0.106524 -0.313782
v -0.642344 -0.106524 -0.323484
v -0.647471 -0.106524 -0.332593
v -0.653806 -0.106524 -0.341006
v -0.661234 -0.106524 -0.348625
v -0.669642 -0.106524 -0.355348
v -0.678915 -0.106524 -0.361074
v -0.688938 -0.106524 -0.365703
v -0.699596 -0.106524 -0.369134
v -0.710774 -0.106524 -0.371267
v -0.722359 -0.106524 -0.372000
v -0.759971 -0.106524 0.022574
v -0.773748 -0.106524 0.024259
v -0.786609 -0.106524 0.027000
v -0.798471 -0.106524 0.030741
v -0.809248 -0.106524 0.035426
v -0.818859 -0.106524 0.041000
v -0.827221 -0.106524 0.047407
v -0.834248 -0.106524 0.054593
v -0.839859 -0.106524 0.062500
v -0.843971 -0.106524 0.071074
v -0.846498 -0.106524 0.080259
v -0.847359 -0.106524 0.090000
v -0.846447 -0.106524 0.100811
v -0.843725 -0.106524 0.110736
v -0.839219 -0.106524 0.119766
v -0.832952 -0.106524 0.127889
v -0.824949 -0.106524 0.135095
v -0.815234 -0.106524 0.141375
v -0.803832 -0.106524 0.146717
v -0.790767 -0.106524 0.151111
v -0.776063 -0.106524 0.154547
v -0.759744 -0.106524 0.157014
v -0.741835 -0.106524 0.158502
v -0.722359 -0.106524 0.159000
v -0.703534 -0.106524 0.158504
v -0.686091 -0.106524 0.157032
v -0.670078 -0.106524 0.154609
v -0.655545 -0.106524 0.151259
v -0.642539 -0.106524 0.147006
v -0.631109 -0.106524 0.141875
v -0.621305 -0.106524 0.135889
v -0.613174 -0.106524 0.129074
v -0.606766 -0.106524 0.121453
v -0.602128 -0.106524 0.113051
v -0.599310 -0.106524 0.103892
v -0.598359 -0.106524 0.094000
v -0.600201 -0.106524 0.080609
v -0.605429 -0.106524 0.068875
v -0.613594 -0.106524 0.058703
v -0.624248 -0.106524 0.050000
v -0.636945 -0.106524 0.042672
v -0.651235 -0.106524 0.036625
v -0.666670 -0.106524 0.031766
v -0.682804 -0.106524 0.028000
v -0.699188 -0.106524 0.025234
v -0.715373 -0.106524 0.023375
v -0.730913 -0.106524 0.022328
v -0.745359 -0.106524 0.022000
v -0.602359 -0.106524 -0.380000
v -0.602359 0.106524 -0.380000
v -0.594082 -0.106524 -0.371445
v -0.594082 0.106524 -0.371445
v -0.586725 -0.106524 -0.363227
v -0.586725 0.106524 -0.363227
v -0.580250 -0.106524 -0.355266
v -0.580250 0.106524 -0.355266
v -0.574619 -0.106524 -0.347482
v -0.574619 0.106524 -0.347482
v -0.569793 -0.106524 -0.339795
v -0.569793 0.106524 -0.339795
v -0.565734 -0.106524 -0.332125
v -0.565734 0.106524 -0.332125
v -0.562405 -0.106524 -0.324393
v -0.562405 0.106524 -0.324393
v -0.559767 -0.106524 -0.316519
v -0.559767 0.106524 -0.316519
v -0.557781 -0.106524 -0.308422
v -0.557781 0.106524 -0.308422
v -0.556410 -0.106524 -0.300023
v -0.556410 0.106524 -0.300023
v -0.555616 -0.106524 -0.291242
v -0.555616 0.106524 -0.291242
v -0.555359 -0.106524 -0.282000
v -0.555359 0.106524 -0.282000
v -0.555785 -0.106524 -0.272641
v -0.555785 0.106524 -0.272641
v -0.557012 -0.106524 -0.263130
v -0.557012 0.106524 -0.263130
v -0.558969 -0.106524 -0.253562
v -0.558969 0.106524 -0.253562
v -0.561582 -0.106524 -0.244037
v -0.561582 0.106524 -0.244037
v -0.564778 -0.106524 -0.234650
v -0.564778 0.106524 -0.234650
v -0.568484 -0.106524 -0.225500
v -0.568484 0.106524 -0.225500
v -0.572629 -0.106524 -0.216683
v -0.572629 0.106524 -0.216683
v -0.577137 -0.106524 -0.208296
v -0.577137 0.106524 -0.208296
v -0.581938 -0.106524 -0.200438
v -0.581938 0.106524 -0.200438
v -0.586957 -0.106524 -0.193204
v -0.586957 0.106524 -0.193204
v -0.592122 -0.106524 -0.186692
v -0.592122 0.106524 -0.186692
v -0.597359 -0.106524 -0.181000
v -0.597359 0.106524 -0.181000
v -0.613545 -0.106524 -0.166895
v -0.613545 0.106524 -0.166895
v -0.631674 -0.106524 -0.156162
v -0.631674 0.106524 -0.156162
v -0.651109 -0.106524 -0.148172
v -0.651109 0.106524 -0.148172
v -0.671211 -0.106524 -0.142296
v -0.671211 0.106524 -0.142296
v -0.691341 -0.106524 -0.137907
v -0.691341 0.106524 -0.137907
v -0.710859 -0.106524 -0.134375
v -0.710859 0.106524 -0.134375
v -0.729128 -0.106524 -0.131072
v -0.729128 0.106524 -0.131072
v -0.745508 -0.106524 -0.127370
v -0.745508 0.106524 -0.127370
v -0.759359 -0.106524 -0.122641
v -0.759359 0.106524 -0.122641
v -0.770045 -0.106524 -0.116255
v -0.770045 0.106524 -0.116255
v -0.776924 -0.106524 -0.107584
v -0.776924 0.106524 -0.107584
v -0.779359 -0.106524 -0.096000
v -0.779359 0.106524 -0.096000
v -0.778383 -0.106524 -0.089951
v -0.778383 0.106524 -0.089951
v -0.775461 -0.106524 -0.084273
v -0.775461 0.106524 -0.084273
v -0.770609 -0.106524 -0.078922
v -0.770609 0.106524 -0.078922
v -0.763841 -0.106524 -0.073852
v -0.763841 0.106524 -0.073852
v -0.755170 -0.106524 -0.069018
v -0.755170 0.106524 -0.069018
v -0.744609 -0.106524 -0.064375
v -0.744609 0.106524 -0.064375
v -0.732174 -0.106524 -0.059878
v -0.732174 0.106524 -0.059878
v -0.717878 -0.106524 -0.055481
v -0.717878 0.106524 -0.055481
v -0.701734 -0.106524 -0.051141
v -0.701734 0.106524 -0.051141
v -0.683758 -0.106524 -0.046810
v -0.683758 0.106524 -0.046810
v -0.663961 -0.106524 -0.042445
v -0.663961 0.106524 -0.042445
v -0.642359 -0.106524 -0.038000
v -0.642359 0.106524 -0.038000
v -0.619635 -0.106524 -0.032638
v -0.619635 0.106524 -0.032638
v -0.599396 -0.106524 -0.026102
v -0.599396 0.106524 -0.026102
v -0.581547 -0.106524 -0.018469
v -0.581547 0.106524 -0.018469
v -0.565989 -0.106524 -0.009815
v -0.565989 0.106524 -0.009815
v -0.552626 -0.106524 -0.000216
v -0.552626 0.106524 -0.000216
v -0.541359 -0.106524 0.010250
v -0.541359 0.106524 0.010250
v -0.532093 -0.106524 0.021508
v -0.532093 0.106524 0.021508
v -0.524730 -0.106524 0.033481
v -0.524730 0.106524 0.033481
v -0.519172 -0.106524 0.046094
v -0.519172 0.106524 0.046094
v -0.515322 -0.106524 0.059269
v -0.515322 0.106524 0.059269
v -0.513084 -0.106524 0.072929
v -0.513084 0.106524 0.072929
v -0.512359 -0.106524 0.087000
v -0.512359 0.106524 0.087000
v -0.513991 -0.106524 0.108510
v -0.513991 0.106524 0.108510
v -0.518827 -0.106524 0.128495
v -0.518827 0.106524 0.128495
v -0.526781 -0.106524 0.146891
v -0.526781 0.106524 0.146891
v -0.537767 -0.106524 0.163630
v -0.537767 0.106524 0.163630
v -0.551697 -0.106524 0.178646
v -0.551697 0.106524 0.178646
v -0.568484 -0.106524 0.191875
v -0.568484 0.106524 0.191875
v -0.588043 -0.106524 0.203249
v -0.588043 0.106524 0.203249
v -0.610285 -0.106524 0.212704
v -0.610285 0.106524 0.212704
v -0.635125 -0.106524 0.220172
v -0.635125 0.106524 0.220172
v -0.662475 -0.106524 0.225588
v -0.662475 0.106524 0.225588
v -0.692249 -0.106524 0.228886
v -0.692249 0.106524 0.228886
v -0.724359 -0.106524 0.230000
v -0.724359 0.106524 0.230000
v -0.753851 -0.106524 0.228833
v -0.753851 0.106524 0.228833
v -0.781707 -0.106524 0.225412
v -0.781707 0.106524 0.225412
v -0.807750 -0.106524 0.219859
v -0.807750 0.106524 0.219859
v -0.831804 -0.106524 0.212296
v -0.831804 0.106524 0.212296
v -0.853691 -0.106524 0.202844
v -0.853691 0.106524 0.202844
v -0.873234 -0.106524 0.191625
v -0.873234 0.106524 0.191625
v -0.890257 -0.106524 0.178760
v -0.890257 0.106524 0.178760
v -0.904582 -0.106524 0.164370
v -0.904582 0.106524 0.164370
v -0.916031 -0.106524 0.148578
v -0.916031 0.106524 0.148578
v -0.924429 -0.106524 0.131505
v -0.924429 0.106524 0.131505
v -0.929597 -0.106524 0.113271
v -0.929597 0.106524 0.113271
v -0.931359 -0.106524 0.094000
v -0.931359 0.106524 0.094000
v -0.930626 -0.106524 0.078058
v -0.930626 0.106524 0.078058
v -0.928406 -0.106524 0.063218
v -0.928406 0.106524 0.063218
v -0.924672 -0.106524 0.049453
v -0.924672 0.106524 0.049453
v -0.919397 -0.106524 0.036741
v -0.919397 0.106524 0.036741
v -0.912552 -0.106524 0.025056
v -0.912552 0.106524 0.025056
v -0.904109 -0.106524 0.014375
v -0.904109 0.106524 0.014375
v -0.894042 -0.106524 0.004673
v -0.894042 0.106524 0.004673
v -0.882322 -0.106524 -0.004074
v -0.882322 0.106524 -0.004074
v -0.868922 -0.106524 -0.011891
v -0.868922 0.106524 -0.011891
v -0.853813 -0.106524 -0.018801
v -0.853813 0.106524 -0.018801
v -0.836968 -0.106524 -0.024829
v -0.836968 0.106524 -0.024829
v -0.818359 -0.106524 -0.030000
v -0.818359 0.106524 -0.030000
v -0.825757 -0.106524 -0.034731
v -0.825757 0.106524 -0.034731
v -0.832457 -0.106524 -0.039431
v -0.832457 0.106524 -0.039431
v -0.838469 -0.106524 -0.044109
v -0.838469 0.106524 -0.044109
v -0.843804 -0.106524 -0.048778
v -0.843804 0.106524 -0.048778
v -0.848472 -0.106524 -0.053446
v -0.848472 0.106524 -0.053446
v -0.852484 -0.106524 -0.058125
v -0.852484 0.106524 -0.058125
v -0.855851 -0.106524 -0.062825
v -0.855851 0.106524 -0.062825
v -0.858582 -0.106524 -0.067556
v -0.858582 0.106524 -0.067556
v -0.860688 -0.106524 -0.072328
v -0.860688 0.106524 -0.072328
v -0.862179 -0.106524 -0.077153
v -0.862179 0.106524 -0.077153
v -0.863066 -0.106524 -0.082040
v -0.863066 0.106524 -0.082040
v -0.863359 -0.106524 -0.087000
v -0.863359 0.106524 -0.087000
v -0.862784 -0.106524 -0.094160
v -0.862784 0.106524 -0.094160
v -0.861086 -0.106524 -0.101116
v -0.861086 0.106524 -0.101116
v -0.858313 -0.106524 -0.107828
v -0.858313 0.106524 -0.107828
v -0.854508 -0.106524 -0.114259
v -0.854508 0.106524 -0.114259
v -0.849717 -0.106524 -0.120371
v -0.849717 0.106524 -0.120371
v -0.843984 -0.106524 -0.126125
v -0.843984 0.106524 -0.126125
v -0.837357 -0.106524 -0.131483
v -0.837357 0.106524 -0.131483
v -0.829878 -0.106524 -0.136407
v -0.829878 0.106524 -0.136407
v -0.821594 -0.106524 -0.140859
v -0.821594 0.106524 -0.140859
v -0.812549 -0.106524 -0.144801
v -0.812549 0.106524 -0.144801
v -0.802789 -0.106524 -0.148194
v -0.802789 0.106524 -0.148194
v -0.792359 -0.106524 -0.151000
v -0.792359 0.106524 -0.151000
v -0.792359 -0.106524 -0.153000
v -0.792359 0.106524 -0.153000
v -0.800443 -0.106524 -0.156604
v -0.800443 0.106524 -0.156604
v -0.808193 -0.106524 -0.160417
v -0.808193 0.106524 -0.160417
v -0.815609 -0.106524 -0.164437
v -0.815609 0.106524 -0.164437
v -0.822693 -0.106524 -0.168667
v -0.822693 0.106524 -0.168667
v -0.829443 -0.106524 -0.173104
v -0.829443 0.106524 -0.173104
v -0.835859 -0.106524 -0.177750
v -0.835859 0.106524 -0.177750
v -0.841943 -0.106524 -0.182604
v -0.841943 0.106524 -0.182604
v -0.847693 -0.106524 -0.187667
v -0.847693 0.106524 -0.187667
v -0.853109 -0.106524 -0.192937
v -0.853109 0.106524 -0.192937
v -0.858193 -0.106524 -0.198417
v -0.858193 0.106524 -0.198417
v -0.862943 -0.106524 -0.204104
v -0.862943 0.106524 -0.204104
v -0.867359 -0.106524 -0.210000
v -0.867359 0.106524 -0.210000
v -0.871193 -0.106524 -0.215854
v -0.871193 0.106524 -0.215854
v -0.874693 -0.106524 -0.221917
v -0.874693 0.106524 -0.221917
v -0.877859 -0.106524 -0.228188
v -0.877859 0.106524 -0.228188
v -0.880693 -0.106524 -0.234667
v -0.880693 0.106524 -0.234667
v -0.883193 -0.106524 -0.241354
v -0.883193 0.106524 -0.241354
v -0.885359 -0.106524 -0.248250
v -0.885359 0.106524 -0.248250
v -0.887193 -0.106524 -0.255354
v -0.887193 0.106524 -0.255354
v -0.888693 -0.106524 -0.262667
v -0.888693 0.106524 -0.262667
v -0.889859 -0.106524 -0.270187
v -0.889859 0.106524 -0.270187
v -0.890693 -0.106524 -0.277917
v -0.890693 0.106524 -0.277917
v -0.891193 -0.106524 -0.285854
v -0.891193 0.106524 -0.285854
v -0.891359 -0.106524 -0.294000
v -0.891359 0.106524 -0.294000
v -0.889814 -0.106524 -0.317216
v -0.889814 0.106524 -0.317216
v -0.885244 -0.106524 -0.338815
v -0.885244 0.106524 -0.338815
v -0.877750 -0.106524 -0.358719
v -0.877750 0.106524 -0.358719
v -0.867434 -0.106524 -0.376852
v -0.867434 0.106524 -0.376852
v -0.854395 -0.106524 -0.393138
v -0.854395 0.106524 -0.393138
v -0.838734 -0.106524 -0.407500
v -0.838734 0.106524 -0.407500
v -0.820553 -0.106524 -0.419862
v -0.820553 0.106524 -0.419862
v -0.799952 -0.106524 -0.430148
v -0.799952 0.106524 -0.430148
v -0.777031 -0.106524 -0.438281
v -0.777031 0.106524 -0.438281
v -0.751892 -0.106524 -0.444185
v -0.751892 0.106524 -0.444185
v -0.724634 -0.106524 -0.447784
v -0.724634 0.106524 -0.447784
v -0.695359 -0.106524 -0.449000
v -0.695359 0.106524 -0.449000
v -0.510359 -0.106524 -0.449000
v -0.510359 0.106524 -0.449000
v -0.510359 -0.106524 -0.380000
v -0.510359 0.106524 -0.380000
v -0.734404 -0.106524 -0.371247
v -0.734404 0.106524 -0.371247
v -0.745966 -0.106524 -0.369056
v -0.745966 0.106524 -0.369056
v -0.756938 -0.106524 -0.365531
v -0.756938 0.106524 -0.365531
v -0.767211 -0.106524 -0.360778
v -0.767211 0.106524 -0.360778
v -0.776680 -0.106524 -0.354899
v -0.776680 0.106524 -0.354899
v -0.785234 -0.106524 -0.348000
v -0.785234 0.106524 -0.348000
v -0.792769 -0.106524 -0.340184
v -0.792769 0.106524 -0.340184
v -0.799174 -0.106524 -0.331556
v -0.799174 0.106524 -0.331556
v -0.804344 -0.106524 -0.322219
v -0.804344 0.106524 -0.322219
v -0.808170 -0.106524 -0.312278
v -0.808170 0.106524 -0.312278
v -0.810544 -0.106524 -0.301837
v -0.810544 0.106524 -0.301837
v -0.811359 -0.106524 -0.291000
v -0.811359 0.106524 -0.291000
v -0.810620 -0.106524 -0.279093
v -0.810620 0.106524 -0.279093
v -0.808443 -0.106524 -0.267912
v -0.808443 0.106524 -0.267912
v -0.804891 -0.106524 -0.257516
v -0.804891 0.106524 -0.257516
v -0.800026 -0.106524 -0.247963
v -0.800026 0.106524 -0.247963
v -0.793912 -0.106524 -0.239313
v -0.793912 0.106524 -0.239313
v -0.786609 -0.106524 -0.231625
v -0.786609 0.106524 -0.231625
v -0.778182 -0.106524 -0.224958
v -0.778182 0.106524 -0.224958
v -0.768693 -0.106524 -0.219370
v -0.768693 0.106524 -0.219370
v -0.758203 -0.106524 -0.214922
v -0.758203 0.106524 -0.214922
v -0.746776 -0.106524 -0.211671
v -0.746776 0.106524 -0.211671
v -0.734474 -0.106524 -0.209678
v -0.734474 0.106524 -0.209678
v -0.721359 -0.106524 -0.209000
v -0.721359 0.106524 -0.209000
v -0.709164 -0.106524 -0.209717
v -0.709164 0.106524 -0.209717
v -0.697628 -0.106524 -0.211819
v -0.697628 0.106524 -0.211819
v -0.686828 -0.106524 -0.215234
v -0.686828 0.106524 -0.215234
v -0.676841 -0.106524 -0.219889
v -0.676841 0.106524 -0.219889
v -0.667743 -0.106524 -0.225710
v -0.667743 0.106524 -0.225710
v -0.659609 -0.106524 -0.232625
v -0.659609 0.106524 -0.232625
v -0.652518 -0.106524 -0.240561
v -0.652518 0.106524 -0.240561
v -0.646545 -0.106524 -0.249444
v -0.646545 0.106524 -0.249444
v -0.641766 -0.106524 -0.259203
v -0.641766 0.106524 -0.259203
v -0.638258 -0.106524 -0.269764
v -0.638258 0.106524 -0.269764
v -0.636097 -0.106524 -0.281054
v -0.636097 0.106524 -0.281054
v -0.635359 -0.106524 -0.293000
v -0.635359 0.106524 -0.293000
v -0.636174 -0.106524 -0.303587
v -0.636174 0.106524 -0.303587
v -0.638540 -0.106524 -0.313782
v -0.638540 0.106524 -0.313782
v -0.642344 -0.106524 -0.323484
v -0.642344 0.106524 -0.323484
v -0.647471 -0.106524 -0.332593
v -0.647471 0.106524 -0.332593
v -0.653806 -0.106524 -0.341006
v -0.653806 0.106524 -0.341006
v -0.661234 -0.106524 -0.348625
v -0.661234 0.106524 -0.348625
v -0.669642 -0.106524 -0.355348
v -0.669642 0.106524 -0.355348
v -0.678915 -0.106524 -0.361074
v -0.678915 0.106524 -0.361074
v -0.688938 -0.106524 -0.365703
v -0.688938 0.106524 -0.365703
v -0.699596 -0.106524 -0.369134
v -0.699596 0.106524 -0.369134
v -0.710774 -0.106524 -0.371267
v -0.710774 0.106524 -0.371267
v -0.722359 -0.106524 -0.372000
v -0.722359 0.106524 -0.372000
v -0.759971 -0.106524 0.022574
v -0.759971 0.106524 0.022574
v -0.773748 -0.106524 0.024259
v -0.773748 0.106524 0.024259
v -0.786609 -0.106524 0.027000
v -0.786609 0.106524 0.027000
v -0.798471 -0.106524 0.030741
v -0.798471 0.106524 0.030741
v -0.809248 -0.106524 0.035426
v -0.809248 0.106524 0.035426
v -0.818859 -0.106524 0.041000
v -0.818859 0.106524 0.041000
v -0.827221 -0.106524 0.047407
v -0.827221 0.106524 0.047407
v -0.834248 -0.106524 0.054593
v -0.834248 0.106524 0.054593
v -0.839859 -0.106524 0.062500
v -0.839859 0.106524 0.062500
v -0.843971 -0.106524 0.071074
v -0.843971 0.106524 0.071074
v -0.846498 -0.106524 0.080259
v -0.846498 0.106524 0.080259
v -0.847359 -0.106524 0.090000
v -0.847359 0.106524 0.090000
v -0.846447 -0.106524 0.100811
v -0.846447 0.106524 0.100811
v -0.843725 -0.106524 0.110736
v -0.843725 0.106524 0.110736
v -0.839219 -0.106524 0.119766
v -0.839219 0.106524 0.119766
v -0.832952 -0.106524 0.127889
v -0.832952 0.106524 0.127889
v -0.824949 -0.106524 0.135095
v -0.824949 0.106524 0.135095
v -0.815234 -0.106524 0.141375
v -0.815234 0.106524 0.141375
v -0.803832 -0.106524 0.146717
v -0.803832 0.106524 0.146717
v -0.790767 -0.106524 0.151111
v -0.790767 0.106524 0.151111
v -0.776063 -0.106524 0.154547
v -0.776063 0.106524 0.154547
v -0.759744 -0.106524 0.157014
v -0.759744 0.106524 0.157014
v -0.741835 -0.106524 0.158502
v -0.741835 0.106524 0.158502
v -0.722359 -0.106524 0.159000
v -0.722359 0.106524 0.159000
v -0.703534 -0.106524 0.158504
v -0.703534 0.106524 0.158504
v -0.686091 -0.106524 0.157032
v -0.686091 0.106524 0.157032
v -0.670078 -0.106524 0.154609
v -0.670078 0.106524 0.154609
v -0.655545 -0.106524 0.151259
v -0.655545 0.106524 0.151259
v -0.642539 -0.106524 0.147006
v -0.642539 0.106524 0.147006
v -0.631109 -0.106524 0.141875
v -0.631109 0.106524 0.141875
v -0.621305 -0.106524 0.135889
v -0.621305 0.106524 0.135889
v -0.613174 -0.106524 0.129074
v -0.613174 0.106524 0.129074
v -0.606766 -0.106524 0.121453
v -0.606766 0.106524 0.121453
v -0.602128 -0.106524 0.113051
v -0.602128 0.106524 0.113051
v -0.599310 -0.106524 0.103892
v -0.599310 0.106524 0.103892
v -0.598359 -0.106524 0.094000
v -0.598359 0.106524 0.094000
v -0.600201 -0.106524 0.080609
v -0.600201 0.106524 0.080609
v -0.605429 -0.106524 0.068875
v -0.605429 0.106524 0.068875
v -0.613594 -0.106524 0.058703
v -0.613594 0.106524 0.058703
v -0.624248 -0.106524 0.050000
v -0.624248 0.106524 0.050000
v -0.636945 -0.106524 0.042672
v -0.636945 0.106524 0.042672
v -0.651235 -0.106524 0.036625
v -0.651235 0.106524 0.036625
v -0.666670 -0.106524 0.031766
v -0.666670 0.106524 0.031766
v -0.682804 -0.106524 0.028000
v -0.682804 0.106524 0.028000
v -0.699188 -0.106524 0.025234
v -0.699188 0.106524 0.025234
v -0.715373 -0.106524 0.023375
v -0.715373 0.106524 0.023375
v -0.730913 -0.106524 0.022328
v -0.730913 0.106524 0.022328
v -0.745359 -0.106524 0.022000
v -0.745359 0.106524 0.022000
v -0.103130 -0.106524 -0.019639
v -0.103130 0.106524 -0.019639
v -0.112022 -0.106524 -0.014032
v -0.112022 0.106524 -0.014032
v -0.120156 -0.106524 -0.009141
v -0.120156 0.106524 -0.009141
v -0.127656 -0.106524 -0.004926
v -0.127656 0.106524 -0.004926
v -0.134641 -0.106524 -0.001350
v -0.134641 0.106524 -0.001350
v -0.141234 -0.106524 0.001625
v -0.141234 0.106524 0.001625
v -0.147557 -0.106524 0.004038
v -0.147557 0.106524 0.004038
v -0.153730 -0.106524 0.005926
v -0.153730 0.106524 0.005926
v -0.159875 -0.106524 0.007328
v -0.159875 0.106524 0.007328
v -0.166114 -0.106524 0.008282
v -0.166114 0.106524 0.008282
v -0.172568 -0.106524 0.008827
v -0.172568 0.106524 0.008827
v -0.179359 -0.106524 0.009000
v -0.179359 0.106524 0.009000
v -0.188737 -0.106524 0.008706
v -0.188737 0.106524 0.008706
v -0.197383 -0.106524 0.007815
v -0.197383 0.106524 0.007815
v -0.205313 -0.106524 0.006313
v -0.205313 0.106524 0.006313
v -0.212545 -0.106524 0.004185
v -0.212545 0.106524 0.004185
v -0.219096 -0.106524 0.001419
v -0.219096 0.106524 0.001419
v -0.224984 -0.106524 -0.002000
v -0.224984 0.106524 -0.002000
v -0.230227 -0.106524 -0.006086
v -0.230227 0.106524 -0.006086
v -0.234841 -0.106524 -0.010852
v -0.234841 0.106524 -0.010852
v -0.238844 -0.106524 -0.016312
v -0.238844 0.106524 -0.016312
v -0.242253 -0.106524 -0.022481
v -0.242253 0.106524 -0.022481
v -0.245086 -0.106524 -0.029373
v -0.245086 0.106524 -0.029373
v -0.247359 -0.106524 -0.037000
v -0.247359 0.106524 -0.037000
v -0.257150 -0.106524 -0.029583
v -0.257150 0.106524 -0.029583
v -0.267017 -0.106524 -0.022829
v -0.267017 0.106524 -0.022829
v -0.276953 -0.106524 -0.016734
v -0.276953 0.106524 -0.016734
v -0.286952 -0.106524 -0.011296
v -0.286952 0.106524 -0.011296
v -0.297006 -0.106524 -0.006511
v -0.297006 0.106524 -0.006511
v -0.307109 -0.106524 -0.002375
v -0.307109 0.106524 -0.002375
v -0.317254 -0.106524 0.001115
v -0.317254 0.106524 0.001115
v -0.327433 -0.106524 0.003963
v -0.327433 0.106524 0.003963
v -0.337641 -0.106524 0.006172
v -0.337641 0.106524 0.006172
v -0.347869 -0.106524 0.007745
v -0.347869 0.106524 0.007745
v -0.358111 -0.106524 0.008687
v -0.358111 0.106524 0.008687
v -0.368359 -0.106524 0.009000
v -0.368359 0.106524 0.009000
v -0.384388 -0.106524 0.007943
v -0.384388 0.106524 0.007943
v -0.399424 -0.106524 0.004880
v -0.399424 0.106524 0.004880
v -0.413391 -0.106524 -0.000031
v -0.413391 0.106524 -0.000031
v -0.426211 -0.106524 -0.006630
v -0.426211 0.106524 -0.006630
v -0.437810 -0.106524 -0.014756
v -0.437810 0.106524 -0.014756
v -0.448109 -0.106524 -0.024250
v -0.448109 0.106524 -0.024250
v -0.457034 -0.106524 -0.034953
v -0.457034 0.106524 -0.034953
v -0.464508 -0.106524 -0.046704
v -0.464508 0.106524 -0.046704
v -0.470453 -0.106524 -0.059344
v -0.470453 0.106524 -0.059344
v -0.474795 -0.106524 -0.072713
v -0.474795 0.106524 -0.072713
v -0.477456 -0.106524 -0.086652
v -0.477456 0.106524 -0.086652
v -0.478359 -0.106524 -0.101000
v -0.478359 0.106524 -0.101000
v -0.476724 -0.106524 -0.121994
v -0.476724 0.106524 -0.121994
v -0.472026 -0.106524 -0.140616
v -0.472026 0.106524 -0.140616
v -0.464578 -0.106524 -0.157078
v -0.464578 0.106524 -0.157078
v -0.454693 -0.106524 -0.171593
v -0.454693 0.106524 -0.171593
v -0.442682 -0.106524 -0.184371
v -0.442682 0.106524 -0.184371
v -0.428859 -0.106524 -0.195625
v -0.428859 0.106524 -0.195625
v -0.413537 -0.106524 -0.205567
v -0.413537 0.106524 -0.205567
v -0.397026 -0.106524 -0.214407
v -0.397026 0.106524 -0.214407
v -0.379641 -0.106524 -0.222359
v -0.379641 0.106524 -0.222359
v -0.361693 -0.106524 -0.229634
v -0.361693 0.106524 -0.229634
v -0.343495 -0.106524 -0.236444
v -0.343495 0.106524 -0.236444
v -0.325359 -0.106524 -0.243000
v -0.325359 0.106524 -0.243000
v -0.246359 -0.106524 -0.271000
v -0.246359 0.106524 -0.271000
v -0.246359 -0.106524 -0.295000
v -0.246359 0.106524 -0.295000
v -0.246922 -0.106524 -0.308318
v -0.246922 0.106524 -0.308318
v -0.248609 -0.106524 -0.320296
v -0.248609 0.106524 -0.320296
v -0.251422 -0.106524 -0.330969
v -0.251422 0.106524 -0.330969
v -0.255359 -0.106524 -0.340370
v -0.255359 0.106524 -0.340370
v -0.260422 -0.106524 -0.348536
v -0.260422 0.106524 -0.348536
v -0.266609 -0.106524 -0.355500
v -0.266609 0.106524 -0.355500
v -0.273922 -0.106524 -0.361297
v -0.273922 0.106524 -0.361297
v -0.282359 -0.106524 -0.365963
v -0.282359 0.106524 -0.365963
v -0.291922 -0.106524 -0.369531
v -0.291922 0.106524 -0.369531
v -0.302609 -0.106524 -0.372037
v -0.302609 0.106524 -0.372037
v -0.314422 -0.106524 -0.373515
v -0.314422 0.106524 -0.373515
v -0.327359 -0.106524 -0.374000
v -0.327359 0.106524 -0.374000
v -0.339626 -0.106524 -0.373518
v -0.339626 0.106524 -0.373518
v -0.351906 -0.106524 -0.372060
v -0.351906 0.106524 -0.372060
v -0.364172 -0.106524 -0.369609
v -0.364172 0.106524 -0.369609
v -0.376396 -0.106524 -0.366148
v -0.376396 0.106524 -0.366148
v -0.388552 -0.106524 -0.361659
v -0.388552 0.106524 -0.361659
v -0.400609 -0.106524 -0.356125
v -0.400609 0.106524 -0.356125
v -0.412542 -0.106524 -0.349528
v -0.412542 0.106524 -0.349528
v -0.424322 -0.106524 -0.341852
v -0.424322 0.106524 -0.341852
v -0.435922 -0.106524 -0.333078
v -0.435922 0.106524 -0.333078
v -0.447313 -0.106524 -0.323190
v -0.447313 0.106524 -0.323190
v -0.458468 -0.106524 -0.312170
v -0.458468 0.106524 -0.312170
v -0.469359 -0.106524 -0.300000
v -0.469359 0.106524 -0.300000
v -0.469359 -0.106524 -0.397000
v -0.469359 0.106524 -0.397000
v -0.460317 -0.106524 -0.406813
v -0.460317 0.106524 -0.406813
v -0.450684 -0.106524 -0.415755
v -0.450684 0.106524 -0.415755
v -0.440453 -0.106524 -0.423828
v -0.440453 0.106524 -0.423828
v -0.429619 -0.106524 -0.431037
v -0.429619 0.106524 -0.431037
v -0.418173 -0.106524 -0.437385
v -0.418173 0.106524 -0.437385
v -0.406109 -0.106524 -0.442875
v -0.406109 0.106524 -0.442875
v -0.393421 -0.106524 -0.447511
v -0.393421 0.106524 -0.447511
v -0.380100 -0.106524 -0.451296
v -0.380100 0.106524 -0.451296
v -0.366141 -0.106524 -0.454234
v -0.366141 0.106524 -0.454234
v -0.351535 -0.106524 -0.456329
v -0.351535 0.106524 -0.456329
v -0.336277 -0.106524 -0.457583
v -0.336277 0.106524 -0.457583
v -0.320359 -0.106524 -0.458000
v -0.320359 0.106524 -0.458000
v -0.298036 -0.106524 -0.457036
v -0.298036 0.106524 -0.457036
v -0.276688 -0.106524 -0.454120
v -0.276688 0.106524 -0.454120
v -0.256500 -0.106524 -0.449219
v -0.256500 0.106524 -0.449219
v -0.237656 -0.106524 -0.442296
v -0.237656 0.106524 -0.442296
v -0.220339 -0.106524 -0.433318
v -0.220339 0.106524 -0.433318
v -0.204734 -0.106524 -0.422250
v -0.204734 0.106524 -0.422250
v -0.191025 -0.106524 -0.409057
v -0.191025 0.106524 -0.409057
v -0.179396 -0.106524 -0.393704
v -0.179396 0.106524 -0.393704
v -0.170031 -0.106524 -0.376156
v -0.170031 0.106524 -0.376156
v -0.163114 -0.106524 -0.356380
v -0.163114 0.106524 -0.356380
v -0.158829 -0.106524 -0.334339
v -0.158829 0.106524 -0.334339
v -0.157359 -0.106524 -0.310000
v -0.157359 0.106524 -0.310000
v -0.157359 -0.106524 -0.079000
v -0.157359 0.106524 -0.079000
v -0.157235 -0.106524 -0.074976
v -0.157235 0.106524 -0.074976
v -0.156864 -0.106524 -0.071394
v -0.156864 0.106524 -0.071394
v -0.156250 -0.106524 -0.068234
v -0.156250 0.106524 -0.068234
v -0.155396 -0.106524 -0.065481
v -0.155396 0.106524 -0.065481
v -0.154307 -0.106524 -0.063117
v -0.154307 0.106524 -0.063117
v -0.152984 -0.106524 -0.061125
v -0.152984 0.106524 -0.061125
v -0.151433 -0.106524 -0.059487
v -0.151433 0.106524 -0.059487
v -0.149656 -0.106524 -0.058185
v -0.149656 0.106524 -0.058185
v -0.147656 -0.106524 -0.057203
v -0.147656 0.106524 -0.057203
v -0.145438 -0.106524 -0.056523
v -0.145438 0.106524 -0.056523
v -0.143005 -0.106524 -0.056128
v -0.143005 0.106524 -0.056128
v -0.140359 -0.106524 -0.056000
v -0.140359 0.106524 -0.056000
v -0.137926 -0.106524 -0.056186
v -0.137926 0.106524 -0.056186
v -0.135142 -0.106524 -0.056736
v -0.135142 0.106524 -0.056736
v -0.132031 -0.106524 -0.057641
v -0.132031 0.106524 -0.057641
v -0.128619 -0.106524 -0.058889
v -0.128619 0.106524 -0.058889
v -0.124928 -0.106524 -0.060470
v -0.124928 0.106524 -0.060470
v -0.120984 -0.106524 -0.062375
v -0.120984 0.106524 -0.062375
v -0.116811 -0.106524 -0.064592
v -0.116811 0.106524 -0.064592
v -0.112433 -0.106524 -0.067111
v -0.112433 0.106524 -0.067111
v -0.107875 -0.106524 -0.069922
v -0.107875 0.106524 -0.069922
v -0.103160 -0.106524 -0.073014
v -0.103160 0.106524 -0.073014
v -0.098314 -0.106524 -0.076377
v -0.098314 0.106524 -0.076377
v -0.093359 -0.106524 -0.080000
v -0.093359 0.106524 -0.080000
v -0.093359 -0.106524 -0.026000
v -0.093359 0.106524 -0.026000
v -0.265119 -0.106524 -0.215484
v -0.265119 0.106524 -0.215484
v -0.283267 -0.106524 -0.208875
v -0.283267 0.106524 -0.208875
v -0.300609 -0.106524 -0.202078
v -0.300609 0.106524 -0.202078
v -0.316952 -0.106524 -0.195000
v -0.316952 0.106524 -0.195000
v -0.332100 -0.106524 -0.187547
v -0.332100 0.106524 -0.187547
v -0.345859 -0.106524 -0.179625
v -0.345859 0.106524 -0.179625
v -0.358035 -0.106524 -0.171141
v -0.358035 0.106524 -0.171141
v -0.368433 -0.106524 -0.162000
v -0.368433 0.106524 -0.162000
v -0.376859 -0.106524 -0.152109
v -0.376859 0.106524 -0.152109
v -0.383119 -0.106524 -0.141375
v -0.383119 0.106524 -0.141375
v -0.387017 -0.106524 -0.129703
v -0.387017 0.106524 -0.129703
v -0.388359 -0.106524 -0.117000
v -0.388359 0.106524 -0.117000
v -0.387807 -0.106524 -0.107988
v -0.387807 0.106524 -0.107988
v -0.386188 -0.106524 -0.099486
v -0.386188 0.106524 -0.099486
v -0.383563 -0.106524 -0.091547
v -0.383563 0.106524 -0.091547
v -0.379989 -0.106524 -0.084222
v -0.379989 0.106524 -0.084222
v -0.375527 -0.106524 -0.077564
v -0.375527 0.106524 -0.077564
v -0.370234 -0.106524 -0.071625
v -0.370234 0.106524 -0.071625
v -0.364171 -0.106524 -0.066457
v -0.364171 0.106524 -0.066457
v -0.357396 -0.106524 -0.062111
v -0.357396 0.106524 -0.062111
v -0.349969 -0.106524 -0.058641
v -0.349969 0.106524 -0.058641
v -0.341947 -0.106524 -0.056097
v -0.341947 0.106524 -0.056097
v -0.333391 -0.106524 -0.054533
v -0.333391 0.106524 -0.054533
v -0.324359 -0.106524 -0.054000
v -0.324359 0.106524 -0.054000
v -0.317401 -0.106524 -0.054289
v -0.317401 0.106524 -0.054289
v -0.310526 -0.106524 -0.055144
v -0.310526 0.106524 -0.055144
v -0.303735 -0.106524 -0.056547
v -0.303735 0.106524 -0.056547
v -0.297026 -0.106524 -0.058481
v -0.297026 0.106524 -0.058481
v -0.290401 -0.106524 -0.060930
v -0.290401 0.106524 -0.060930
v -0.283860 -0.106524 -0.063875
v -0.283860 0.106524 -0.063875
v -0.277401 -0.106524 -0.067299
v -0.277401 0.106524 -0.067299
v -0.271026 -0.106524 -0.071185
v -0.271026 0.106524 -0.071185
v -0.264735 -0.106524 -0.075516
v -0.264735 0.106524 -0.075516
v -0.258526 -0.106524 -0.080273
v -0.258526 0.106524 -0.080273
v -0.252401 -0.106524 -0.085440
v -0.252401 0.106524 -0.085440
v -0.246359 -0.106524 -0.091000
v -0.246359 0.106524 -0.091000
v -0.246359 -0.106524 -0.222000
v -0.246359 0.106524 -0.222000
v 0.070641 -0.106524 -0.390000
v 0.070641 0.106524 -0.390000
v 0.082079 -0.106524 -0.401001
v 0.082079 0.106524 -0.401001
v 0.093400 -0.106524 -0.411009
v 0.093400 0.106524 -0.411009
v 0.104609 -0.106524 -0.420031
v 0.104609 0.106524 -0.420031
v 0.115715 -0.106524 -0.428074
v 0.115715 0.106524 -0.428074
v 0.126723 -0.106524 -0.435145
v 0.126723 0.106524 -0.435145
v 0.137641 -0.106524 -0.441250
v 0.137641 0.106524 -0.441250
v 0.148475 -0.106524 -0.446397
v 0.148475 0.106524 -0.446397
v 0.159233 -0.106524 -0.450593
v 0.159233 0.106524 -0.450593
v 0.169922 -0.106524 -0.453844
v 0.169922 0.106524 -0.453844
v 0.180548 -0.106524 -0.456157
v 0.180548 0.106524 -0.456157
v 0.191119 -0.106524 -0.457541
v 0.191119 0.106524 -0.457541
v 0.201641 -0.106524 -0.458000
v 0.201641 0.106524 -0.458000
v 0.215678 -0.106524 -0.457418
v 0.215678 0.106524 -0.457418
v 0.229275 -0.106524 -0.455681
v 0.229275 0.106524 -0.455681
v 0.242406 -0.106524 -0.452797
v 0.242406 0.106524 -0.452797
v 0.255048 -0.106524 -0.448778
v 0.255048 0.106524 -0.448778
v 0.267176 -0.106524 -0.443634
v 0.267176 0.106524 -0.443634
v 0.278765 -0.106524 -0.437375
v 0.278765 0.106524 -0.437375
v 0.289793 -0.106524 -0.430012
v 0.289793 0.106524 -0.430012
v 0.300233 -0.106524 -0.421556
v 0.300233 0.106524 -0.421556
v 0.310062 -0.106524 -0.412016
v 0.310062 0.106524 -0.412016
v 0.319256 -0.106524 -0.401403
v 0.319256 0.106524 -0.401403
v 0.327790 -0.106524 -0.389727
v 0.327790 0.106524 -0.389727
v 0.335641 -0.106524 -0.377000
v 0.335641 0.106524 -0.377000
v 0.345563 -0.106524 -0.387837
v 0.345563 0.106524 -0.387837
v 0.355849 -0.106524 -0.398278
v 0.355849 0.106524 -0.398278
v 0.366531 -0.106524 -0.408219
v 0.366531 0.106524 -0.408219
v 0.377641 -0.106524 -0.417556
v 0.377641 0.106524 -0.417556
v 0.389208 -0.106524 -0.426184
v 0.389208 0.106524 -0.426184
v 0.401266 -0.106524 -0.434000
v 0.401266 0.106524 -0.434000
v 0.413844 -0.106524 -0.440899
v 0.413844 0.106524 -0.440899
v 0.426974 -0.106524 -0.446778
v 0.426974 0.106524 -0.446778
v 0.440687 -0.106524 -0.451531
v 0.440687 0.106524 -0.451531
v 0.455016 -0.106524 -0.455056
v 0.455016 0.106524 -0.455056
v 0.469990 -0.106524 -0.457247
v 0.469990 0.106524 -0.457247
v 0.485641 -0.106524 -0.458000
v 0.485641 0.106524 -0.458000
v 0.507689 -0.106524 -0.456561
v 0.507689 0.106524 -0.456561
v 0.528275 -0.106524 -0.452324
v 0.528275 0.106524 -0.452324
v 0.547313 -0.106524 -0.445406
v 0.547313 0.106524 -0.445406
v 0.564715 -0.106524 -0.435926
v 0.564715 0.106524 -0.435926
v 0.580395 -0.106524 -0.424001
v 0.580395 0.106524 -0.424001
v 0.594266 -0.106524 -0.409750
v 0.594266 0.106524 -0.409750
v 0.606241 -0.106524 -0.393291
v 0.606241 0.106524 -0.393291
v 0.616233 -0.106524 -0.374741
v 0.616233 0.106524 -0.374741
v 0.624156 -0.106524 -0.354219
v 0.624156 0.106524 -0.354219
v 0.629923 -0.106524 -0.331843
v 0.629923 0.106524 -0.331843
v 0.633447 -0.106524 -0.307730
v 0.633447 0.106524 -0.307730
v 0.634641 -0.106524 -0.282000
v 0.634641 0.106524 -0.282000
v 0.634641 -0.106524 0.000000
v 0.634641 0.106524 0.000000
v 0.545641 -0.106524 0.000000
v 0.545641 0.106524 0.000000
v 0.545641 -0.106524 -0.278000
v 0.545641 0.106524 -0.278000
v 0.544785 -0.106524 -0.294351
v 0.544785 0.106524 -0.294351
v 0.542293 -0.106524 -0.309389
v 0.542293 0.106524 -0.309389
v 0.538281 -0.106524 -0.323094
v 0.538281 0.106524 -0.323094
v 0.532863 -0.106524 -0.335444
v 0.532863 0.106524 -0.335444
v 0.526153 -0.106524 -0.346420
v 0.526153 0.106524 -0.346420
v 0.518266 -0.106524 -0.356000
v 0.518266 0.106524 -0.356000
v 0.509316 -0.106524 -0.364163
v 0.509316 0.106524 -0.364163
v 0.499418 -0.106524 -0.370889
v 0.499418 0.106524 -0.370889
v 0.488688 -0.106524 -0.376156
v 0.488688 0.106524 -0.376156
v 0.477238 -0.106524 -0.379944
v 0.477238 0.106524 -0.379944
v 0.465184 -0.106524 -0.382233
v 0.465184 0.106524 -0.382233
v 0.452641 -0.106524 -0.383000
v 0.452641 0.106524 -0.383000
v 0.445192 -0.106524 -0.382719
v 0.445192 0.106524 -0.382719
v 0.437386 -0.106524 -0.381417
v 0.437386 0.106524 -0.381417
v 0.429281 -0.106524 -0.379156
v 0.429281 0.106524 -0.379156
v 0.420937 -0.106524 -0.376000
v 0.420937 0.106524 -0.376000
v 0.412412 -0.106524 -0.372010
v 0.412412 0.106524 -0.372010
v 0.403766 -0.106524 -0.367250
v 0.403766 0.106524 -0.367250
v 0.395057 -0.106524 -0.361781
v 0.395057 0.106524 -0.361781
v 0.386344 -0.106524 -0.355667
v 0.386344 0.106524 -0.355667
v 0.377688 -0.106524 -0.348969
v 0.377688 0.106524 -0.348969
v 0.369145 -0.106524 -0.341750
v 0.369145 0.106524 -0.341750
v 0.360777 -0.106524 -0.334073
v 0.360777 0.106524 -0.334073
v 0.352641 -0.106524 -0.326000
v 0.352641 0.106524 -0.326000
v 0.352641 -0.106524 0.000000
v 0.352641 0.106524 0.000000
v 0.263641 -0.106524 0.000000
v 0.263641 0.106524 0.000000
v 0.263641 -0.106524 -0.279000
v 0.263641 0.106524 -0.279000
v 0.262887 -0.106524 -0.296381
v 0.262887 0.106524 -0.296381
v 0.260696 -0.106524 -0.312051
v 0.260696 0.106524 -0.312051
v 0.257172 -0.106524 -0.326047
v 0.257172 0.106524 -0.326047
v 0.252418 -0.106524 -0.338407
v 0.252418 0.106524 -0.338407
v 0.246540 -0.106524 -0.349171
v 0.246540 0.106524 -0.349171
v 0.239641 -0.106524 -0.358375
v 0.239641 0.106524 -0.358375
v 0.231825 -0.106524 -0.366058
v 0.231825 0.106524 -0.366058
v 0.223196 -0.106524 -0.372259
v 0.223196 0.106524 -0.372259
v 0.213859 -0.106524 -0.377016
v 0.213859 0.106524 -0.377016
v 0.203918 -0.106524 -0.380366
v 0.203918 0.106524 -0.380366
v 0.193477 -0.106524 -0.382348
v 0.193477 0.106524 -0.382348
v 0.182641 -0.106524 -0.383000
v 0.182641 0.106524 -0.383000
v 0.171690 -0.106524 -0.382700
v 0.171690 0.106524 -0.382700
v 0.161289 -0.106524 -0.381764
v 0.161289 0.106524 -0.381764
v 0.151359 -0.106524 -0.380141
v 0.151359 0.106524 -0.380141
v 0.141826 -0.106524 -0.377778
v 0.141826 0.106524 -0.377778
v 0.132612 -0.106524 -0.374623
v 0.132612 0.106524 -0.374623
v 0.123641 -0.106524 -0.370625
v 0.123641 0.106524 -0.370625
v 0.114836 -0.106524 -0.365731
v 0.114836 0.106524 -0.365731
v 0.106122 -0.106524 -0.359889
v 0.106122 0.106524 -0.359889
v 0.097422 -0.106524 -0.353047
v 0.097422 0.106524 -0.353047
v 0.088659 -0.106524 -0.345153
v 0.088659 0.106524 -0.345153
v 0.079758 -0.106524 -0.336155
v 0.079758 0.106524 -0.336155
v 0.070641 -0.106524 -0.326000
v 0.070641 0.106524 -0.326000
v 0.070641 -0.106524 0.000000
v 0.070641 0.106524 0.000000
v -0.018359 -0.106524 0.000000
v -0.018359 0.106524 0.000000
v -0.018359 -0.106524 -0.449000
v -0.018359 0.106524 -0.449000
v 0.070641 -0.106524 -0.449000
v 0.070641 0.106524 -0.449000
v 1.118226 -0.106524 -0.035395
v 1.118226 0.106524 -0.035395
v 1.104909 -0.106524 -0.027574
v 1.104909 0.106524 -0.027574
v 1.091578 -0.106524 -0.020531
v 1.091578 0.106524 -0.020531
v 1.078122 -0.106524 -0.014259
v 1.078122 0.106524 -0.014259
v 1.064430 -0.106524 -0.008751
v 1.064430 0.106524 -0.008751
v 1.050390 -0.106524 -0.004000
v 1.050390 0.106524 -0.004000
v 1.035893 -0.106524 0.000001
v 1.035893 0.106524 0.000001
v 1.020826 -0.106524 0.003259
v 1.020826 0.106524 0.003259
v 1.005078 -0.106524 0.005781
v 1.005078 0.106524 0.005781
v 0.988539 -0.106524 0.007574
v 0.988539 0.106524 0.007574
v 0.971097 -0.106524 0.008645
v 0.971097 0.106524 0.008645
v 0.952641 -0.106524 0.009000
v 0.952641 0.106524 0.009000
v 0.918942 -0.106524 0.006665
v 0.918942 0.106524 0.006665
v 0.887881 -0.106524 -0.000093
v 0.887881 0.106524 -0.000093
v 0.859516 -0.106524 -0.010906
v 0.859516 0.106524 -0.010906
v 0.833900 -0.106524 -0.025407
v 0.833900 0.106524 -0.025407
v 0.811090 -0.106524 -0.043228
v 0.811090 0.106524 -0.043228
v 0.791141 -0.106524 -0.064000
v 0.791141 0.106524 -0.064000
v 0.774108 -0.106524 -0.087355
v 0.774108 0.106524 -0.087355
v 0.760048 -0.106524 -0.112926
v 0.760048 0.106524 -0.112926
v 0.749016 -0.106524 -0.140344
v 0.749016 0.106524 -0.140344
v 0.741067 -0.106524 -0.169241
v 0.741067 0.106524 -0.169241
v 0.736256 -0.106524 -0.199249
v 0.736256 0.106524 -0.199249
v 0.734641 -0.106524 -0.230000
v 0.734641 0.106524 -0.230000
v 0.736404 -0.106524 -0.263056
v 0.736404 0.106524 -0.263056
v 0.741585 -0.106524 -0.294111
v 0.741585 0.106524 -0.294111
v 0.750016 -0.106524 -0.323000
v 0.750016 0.106524 -0.323000
v 0.761529 -0.106524 -0.349556
v 0.761529 0.106524 -0.349556
v 0.775960 -0.106524 -0.373611
v 0.775960 0.106524 -0.373611
v 0.793140 -0.106524 -0.395000
v 0.793140 0.106524 -0.395000
v 0.812904 -0.106524 -0.413556
v 0.812904 0.106524 -0.413556
v 0.835085 -0.106524 -0.429111
v 0.835085 0.106524 -0.429111
v 0.859515 -0.106524 -0.441500
v 0.859515 0.106524 -0.441500
v 0.886029 -0.106524 -0.450556
v 0.886029 0.106524 -0.450556
v 0.914460 -0.106524 -0.456111
v 0.914460 0.106524 -0.456111
v 0.944641 -0.106524 -0.458000
v 0.944641 0.106524 -0.458000
v 0.973476 -0.106524 -0.456310
v 0.973476 0.106524 -0.456310
v 1.000405 -0.106524 -0.451232
v 1.000405 0.106524 -0.451232
v 1.025312 -0.106524 -0.442750
v 1.025312 0.106524 -0.442750
v 1.048085 -0.106524 -0.430852
v 1.048085 0.106524 -0.430852
v 1.068608 -0.106524 -0.415523
v 1.068608 0.106524 -0.415523
v 1.086766 -0.106524 -0.396750
v 1.086766 0.106524 -0.396750
v 1.102444 -0.106524 -0.374519
v 1.102444 0.106524 -0.374519
v 1.115530 -0.106524 -0.348815
v 1.115530 0.106524 -0.348815
v 1.125906 -0.106524 -0.319625
v 1.125906 0.106524 -0.319625
v 1.133460 -0.106524 -0.286935
v 1.133460 0.106524 -0.286935
v 1.138076 -0.106524 -0.250731
v 1.138076 0.106524 -0.250731
v 1.139641 -0.106524 -0.211000
v 1.139641 0.106524 -0.211000
v 0.823641 -0.106524 -0.211000
v 0.823641 0.106524 -0.211000
v 0.827910 -0.106524 -0.189648
v 0.827910 0.106524 -0.189648
v 0.833715 -0.106524 -0.170097
v 0.833715 0.106524 -0.170097
v 0.841047 -0.106524 -0.152359
v 0.841047 0.106524 -0.152359
v 0.849900 -0.106524 -0.136444
v 0.849900 0.106524 -0.136444
v 0.860267 -0.106524 -0.122363
v 0.860267 0.106524 -0.122363
v 0.872140 -0.106524 -0.110125
v 0.872140 0.106524 -0.110125
v 0.885514 -0.106524 -0.099741
v 0.885514 0.106524 -0.099741
v 0.900381 -0.106524 -0.091222
v 0.900381 0.106524 -0.091222
v 0.916734 -0.106524 -0.084578
v 0.916734 0.106524 -0.084578
v 0.934566 -0.106524 -0.079819
v 0.934566 0.106524 -0.079819
v 0.953871 -0.106524 -0.076957
v 0.953871 0.106524 -0.076957
v 0.974641 -0.106524 -0.076000
v 0.974641 0.106524 -0.076000
v 0.988080 -0.106524 -0.076413
v 0.988080 0.106524 -0.076413
v 1.001409 -0.106524 -0.077639
v 1.001409 0.106524 -0.077639
v 1.014641 -0.106524 -0.079656
v 1.014641 0.106524 -0.079656
v 1.027789 -0.106524 -0.082444
v 1.027789 0.106524 -0.082444
v 1.040868 -0.106524 -0.085983
v 1.040868 0.106524 -0.085983
v 1.053891 -0.106524 -0.090250
v 1.053891 0.106524 -0.090250
v 1.066872 -0.106524 -0.095226
v 1.066872 0.106524 -0.095226
v 1.079826 -0.106524 -0.100889
v 1.079826 0.106524 -0.100889
v 1.092765 -0.106524 -0.107219
v 1.092765 0.106524 -0.107219
v 1.105705 -0.106524 -0.114194
v 1.105705 0.106524 -0.114194
v 1.118659 -0.106524 -0.121795
v 1.118659 0.106524 -0.121795
v 1.131640 -0.106524 -0.130000
v 1.131640 0.106524 -0.130000
v 1.131640 -0.106524 -0.044000
v 1.131640 0.106524 -0.044000
v 1.050147 -0.106524 -0.286469
v 1.050147 0.106524 -0.286469
v 1.047196 -0.106524 -0.301833
v 1.047196 0.106524 -0.301833
v 1.042828 -0.106524 -0.316031
v 1.042828 0.106524 -0.316031
v 1.037085 -0.106524 -0.329000
v 1.037085 0.106524 -0.329000
v 1.030009 -0.106524 -0.340677
v 1.030009 0.106524 -0.340677
v 1.021641 -0.106524 -0.351000
v 1.021641 0.106524 -0.351000
v 1.012022 -0.106524 -0.359906
v 1.012022 0.106524 -0.359906
v 1.001196 -0.106524 -0.367333
v 1.001196 0.106524 -0.367333
v 0.989203 -0.106524 -0.373219
v 0.989203 0.106524 -0.373219
v 0.976085 -0.106524 -0.377500
v 0.976085 0.106524 -0.377500
v 0.961884 -0.106524 -0.380115
v 0.961884 0.106524 -0.380115
v 0.946641 -0.106524 -0.381000
v 0.946641 0.106524 -0.381000
v 0.930204 -0.106524 -0.380172
v 0.930204 0.106524 -0.380172
v 0.914900 -0.106524 -0.377708
v 0.914900 0.106524 -0.377708
v 0.900734 -0.106524 -0.373641
v 0.900734 0.106524 -0.373641
v 0.887715 -0.106524 -0.368000
v 0.887715 0.106524 -0.368000
v 0.875848 -0.106524 -0.360818
v 0.875848 0.106524 -0.360818
v 0.865140 -0.106524 -0.352125
v 0.865140 0.106524 -0.352125
v 0.855600 -0.106524 -0.341953
v 0.855600 0.106524 -0.341953
v 0.847233 -0.106524 -0.330333
v 0.847233 0.106524 -0.330333
v 0.840047 -0.106524 -0.317297
v 0.840047 0.106524 -0.317297
v 0.834048 -0.106524 -0.302875
v 0.834048 0.106524 -0.302875
v 0.829243 -0.106524 -0.287099
v 0.829243 0.106524 -0.287099
v 0.825640 -0.106524 -0.270000
v 0.825640 0.106524 -0.270000
v 1.051641 -0.106524 -0.270000
v 1.051641 0.106524 -0.270000
vn -0.0000 1.0000 -0.0000
vn -0.0000 -1.0000 -0.0000
vn 0.7320 -0.0000 -0.6813
vn 0.9207 -0.0000 0.3903
vn 0.7606 -0.0000 -0.6492
vn 0.7933 -0.0000 -0.6088
vn 0.8290 -0.0000 -0.5592
vn 0.8660 -0.0000 -0.5001
vn 0.9019 -0.0000 -0.4319
vn 0.8660 -0.0000 -0.5000
vn 0.9341 -0.0000 -0.3569
vn 0.9605 -0.0000 -0.2782
vn 0.9798 -0.0000 -0.1998
vn 0.9921 -0.0000 -0.1257
vn 0.9983 -0.0000 -0.0589
vn 1.0000 -0.0000 0.0088
vn 0.9983 -0.0000 -0.0590
vn 0.9962 -0.0000 0.0868
vn 0.9864 -0.0000 0.1643
vn 0.9726 -0.0000 0.2326
vn 0.9559 -0.0000 0.2936
vn 0.9371 -0.0000 0.3490
vn 0.9163 -0.0000 0.4006
vn 0.8932 -0.0000 0.4496
vn 0.8674 -0.0000 0.4976
vn 0.8379 -0.0000 0.5459
vn 0.8029 -0.0000 0.5961
vn 0.7602 -0.0000 0.6497
vn 0.6975 -0.0000 0.7166
vn 0.5856 -0.0000 0.8106
vn 0.4460 -0.0000 0.8950
vn 0.5857 -0.0000 0.8106
vn 0.3309 -0.0000 0.9437
vn 0.2470 -0.0000 0.9690
vn 0.1956 -0.0000 0.9807
vn 0.1780 -0.0000 0.9840
vn 0.1992 -0.0000 0.9800
vn 0.2722 -0.0000 0.9622
vn 0.4204 -0.0000 0.9073
vn 0.6589 -0.0000 0.7522
vn 0.9052 -0.0000 0.4250
vn 0.9997 -0.0000 0.0235
vn 0.9500 -0.0000 -0.3123
vn 0.8220 -0.0000 -0.5695
vn 0.6733 -0.0000 -0.7394
vn 0.5444 -0.0000 -0.8388
vn 0.4452 -0.0000 -0.8954
vn 0.3715 -0.0000 -0.9284
vn 0.3171 -0.0000 -0.9484
vn 0.2768 -0.0000 -0.9609
vn 0.2470 -0.0000 -0.9690
vn 0.2248 -0.0000 -0.9744
vn 0.2084 -0.0000 -0.9780
vn 0.2156 -0.0000 -0.9765
vn 0.2687 -0.0000 -0.9632
vn 0.3506 -0.0000 -0.9365
vn 0.4402 -0.0000 -0.8979
vn 0.5356 -0.0000 -0.8445
vn 0.6333 -0.0000 -0.7739
vn 0.7280 -0.0000 -0.6856
vn 0.6332 -0.0000 -0.7739
vn 0.8139 -0.0000 -0.5810
vn 0.8855 -0.0000 -0.4646
vn 0.9395 -0.0000 -0.3426
vn 0.9752 -0.0000 -0.2215
vn 0.9943 -0.0000 -0.1067
vn 0.9999 -0.0000 0.0121
vn 0.9878 -0.0000 0.1559
vn 0.9484 -0.0000 0.3172
vn 0.8802 -0.0000 0.4746
vn 0.7873 -0.0000 0.6165
vn 0.8802 -0.0000 0.4745
vn 0.6781 -0.0000 0.7350
vn 0.5622 -0.0000 0.8270
vn 0.4478 -0.0000 0.8941
vn 0.3401 -0.0000 0.9404
vn 0.2414 -0.0000 0.9704
vn 0.1523 -0.0000 0.9883
vn 0.0724 -0.0000 0.9974
vn -0.0024 -0.0000 1.0000
vn -0.0808 -0.0000 0.9967
vn -0.1654 -0.0000 0.9862
vn -0.2545 -0.0000 0.9671
vn -0.3487 -0.0000 0.9372
vn -0.4479 -0.0000 0.8941
vn -0.5515 -0.0000 0.8342
vn -0.6574 -0.0000 0.7535
vn -0.7615 -0.0000 0.6482
vn -0.8566 -0.0000 0.5160
vn -0.9335 -0.0000 0.3585
vn -0.9832 -0.0000 0.1827
vn -0.9997 -0.0000 0.0226
vn -0.9953 -0.0000 -0.0971
vn -0.9787 -0.0000 -0.2052
vn -0.9463 -0.0000 -0.3232
vn -0.8953 -0.0000 -0.4454
vn -0.8257 -0.0000 -0.5641
vn -0.7409 -0.0000 -0.6716
vn -0.6473 -0.0000 -0.7622
vn -0.5519 -0.0000 -0.8339
vn -0.4605 -0.0000 -0.8877
vn -0.3768 -0.0000 -0.9263
vn -0.3025 -0.0000 -0.9531
vn -0.9889 -0.0000 -0.1484
vn -0.5566 -0.0000 0.8307
vn -0.5944 -0.0000 0.8042
vn -0.6366 -0.0000 0.7712
vn -0.6832 -0.0000 0.7302
vn -0.7336 -0.0000 0.6795
vn -0.7868 -0.0000 0.6172
vn -0.8405 -0.0000 0.5418
vn -0.8918 -0.0000 0.4525
vn -0.9367 -0.0000 0.3501
vn -0.9714 -0.0000 0.2374
vn -0.9929 -0.0000 0.1190
vn -0.9999 -0.0000 -0.0106
vn -0.9873 -0.0000 -0.1591
vn -0.9506 -0.0000 -0.3104
vn -0.8947 -0.0000 -0.4467
vn -0.8256 -0.0000 -0.5643
vn -0.7490 -0.0000 -0.6625
vn -0.6695 -0.0000 -0.7428
vn -0.5900 -0.0000 -0.8074
vn -0.5122 -0.0000 -0.8589
vn -0.4368 -0.0000 -0.8996
vn -0.3642 -0.0000 -0.9313
vn -0.2943 -0.0000 -0.9557
vn -0.7937 -0.0000 -0.6084
vn -0.8388 -0.0000 0.5444
vn -0.4244 -0.0000 0.9055
vn -0.4591 -0.0000 0.8884
vn -0.4947 -0.0000 0.8690
vn -0.5311 -0.0000 0.8473
vn -0.5680 -0.0000 0.8230
vn -0.6052 -0.0000 0.7960
vn -0.6425 -0.0000 0.7663
vn -0.6793 -0.0000 0.7338
vn -0.7155 -0.0000 0.6986
vn -0.7506 -0.0000 0.6608
vn -0.7842 -0.0000 0.6205
vn -0.8189 -0.0000 0.5740
vn -0.8517 -0.0000 0.5241
vn -0.8797 -0.0000 0.4756
vn -0.9048 -0.0000 0.4259
vn -0.9268 -0.0000 0.3756
vn -0.9457 -0.0000 0.3251
vn -0.9615 -0.0000 0.2749
vn -0.9742 -0.0000 0.2255
vn -0.9842 -0.0000 0.1772
vn -0.9915 -0.0000 0.1303
vn -0.9964 -0.0000 0.0851
vn -0.9991 -0.0000 0.0417
vn -0.9997 -0.0000 -0.0230
vn -0.9906 -0.0000 -0.1371
vn -0.9599 -0.0000 -0.2805
vn -0.9053 -0.0000 -0.4247
vn -0.8275 -0.0000 -0.5615
vn -0.7304 -0.0000 -0.6830
vn -0.6207 -0.0000 -0.7840
vn -0.5056 -0.0000 -0.8628
vn -0.3913 -0.0000 -0.9203
vn -0.2819 -0.0000 -0.9594
vn -0.1800 -0.0000 -0.9837
vn -0.0863 -0.0000 -0.9963
vn -0.0208 -0.0000 -0.9998
vn 0.7071 -0.0000 -0.7071
vn 0.7071 -0.0000 0.7071
vn 0.2465 -0.0000 0.9691
vn 0.1246 -0.0000 0.9922
vn 0.3636 -0.0000 0.9316
vn 0.4746 -0.0000 0.8802
vn 0.5787 -0.0000 0.8155
vn 0.6752 -0.0000 0.7376
vn 0.7630 -0.0000 0.6464
vn 0.8407 -0.0000 0.5414
vn 0.9062 -0.0000 0.4228
vn 0.9567 -0.0000 0.2912
vn 0.9889 -0.0000 0.1488
vn 1.0000 -0.0000 0.0065
vn 0.9919 -0.0000 -0.1268
vn 0.9662 -0.0000 -0.2578
vn 0.9210 -0.0000 -0.3895
vn 0.8561 -0.0000 -0.5169
vn 0.7728 -0.0000 -0.6346
vn 0.6745 -0.0000 -0.7383
vn 0.5652 -0.0000 -0.8249
vn 0.4499 -0.0000 -0.8931
vn 0.3327 -0.0000 -0.9430
vn 0.2172 -0.0000 -0.9761
vn 0.1059 -0.0000 -0.9944
vn -0.0036 -0.0000 -1.0000
vn -0.1192 -0.0000 -0.9929
vn -0.0035 -0.0000 -1.0000
vn -0.2409 -0.0000 -0.9706
vn -0.3627 -0.0000 -0.9319
vn -0.4817 -0.0000 -0.8763
vn -0.5947 -0.0000 -0.8039
vn -0.6983 -0.0000 -0.7158
vn -0.7896 -0.0000 -0.6136
vn -0.8660 -0.0000 -0.5001
vn -0.9257 -0.0000 -0.3784
vn -0.9677 -0.0000 -0.2522
vn -0.9256 -0.0000 -0.3784
vn -0.9922 -0.0000 -0.1250
vn -1.0000 -0.0000 0.0076
vn -0.9884 -0.0000 0.1518
vn -0.9551 -0.0000 0.2963
vn -0.9034 -0.0000 0.4288
vn -0.8370 -0.0000 0.5472
vn -0.7590 -0.0000 0.6511
vn -0.6715 -0.0000 0.7410
vn -0.5760 -0.0000 0.8174
vn -0.4732 -0.0000 0.8809
vn -0.3635 -0.0000 0.9316
vn -0.2474 -0.0000 0.9689
vn -0.1255 -0.0000 0.9921
vn -0.0004 -0.0000 1.0000
vn 0.1651 -0.0000 0.9863
vn 0.0804 -0.0000 0.9968
vn 0.2549 -0.0000 0.9670
vn 0.3502 -0.0000 0.9367
vn 0.4509 -0.0000 0.8926
vn 0.5561 -0.0000 0.8311
vn 0.6633 -0.0000 0.7484
vn 0.7676 -0.0000 0.6409
vn 0.8617 -0.0000 0.5074
vn 0.9367 -0.0000 0.3502
vn 0.9841 -0.0000 0.1774
vn 1.0000 -0.0000 0.0020
vn 0.9846 -0.0000 -0.1750
vn 0.9340 -0.0000 -0.3572
vn 0.8473 -0.0000 -0.5312
vn 0.7335 -0.0000 -0.6797
vn 0.6079 -0.0000 -0.7940
vn 0.4847 -0.0000 -0.8747
vn 0.3721 -0.0000 -0.9282
vn 0.2735 -0.0000 -0.9619
vn 0.1887 -0.0000 -0.9820
vn 0.1162 -0.0000 -0.9932
vn 0.0542 -0.0000 -0.9985
vn -0.0004 -0.0000 -1.0000
vn -0.0552 -0.0000 -0.9985
vn -0.1169 -0.0000 -0.9931
vn -0.1873 -0.0000 -0.9823
vn -0.2680 -0.0000 -0.9634
vn -0.3607 -0.0000 -0.9327
vn -0.4662 -0.0000 -0.8847
vn -0.5834 -0.0000 -0.8122
vn -0.7065 -0.0000 -0.7077
vn -0.8243 -0.0000 -0.5661
vn -0.9205 -0.0000 -0.3907
vn -0.9806 -0.0000 -0.1959
vn -0.9998 -0.0000 0.0205
vn -0.9616 -0.0000 0.2743
vn -0.8537 -0.0000 0.5208
vn -0.7101 -0.0000 0.7041
vn -0.5681 -0.0000 0.8230
vn -0.4456 -0.0000 0.8952
vn -0.3454 -0.0000 0.9385
vn -0.2640 -0.0000 0.9645
vn -0.1970 -0.0000 0.9804
vn -0.1403 -0.0000 0.9901
vn -0.0907 -0.0000 0.9959
vn -0.0450 -0.0000 0.9990
vn 0.0083 -0.0000 1.0000
vn 0.5244 -0.0000 0.8515
vn 0.5395 -0.0000 0.8420
vn 0.5027 -0.0000 0.8645
vn 0.4729 -0.0000 0.8811
vn 0.4336 -0.0000 0.9011
vn 0.3841 -0.0000 0.9233
vn 0.3247 -0.0000 0.9458
vn 0.2577 -0.0000 0.9662
vn 0.1870 -0.0000 0.9824
vn 0.1177 -0.0000 0.9930
vn 0.0548 -0.0000 0.9985
vn -0.0029 -0.0000 1.0000
vn -0.0670 -0.0000 0.9978
vn -0.1445 -0.0000 0.9895
vn -0.2345 -0.0000 0.9721
vn -0.3361 -0.0000 0.9418
vn -0.4464 -0.0000 0.8948
vn -0.5597 -0.0000 0.8287
vn -0.6682 -0.0000 0.7440
vn -0.7643 -0.0000 0.6449
vn -0.8426 -0.0000 0.5385
vn -0.9016 -0.0000 0.4327
vn -0.9428 -0.0000 0.3334
vn -0.3111 -0.0000 0.9504
vn 0.5845 -0.0000 0.8114
vn 0.5440 -0.0000 0.8391
vn 0.5005 -0.0000 0.8658
vn 0.4539 -0.0000 0.8910
vn 0.4045 -0.0000 0.9146
vn 0.3522 -0.0000 0.9359
vn 0.2975 -0.0000 0.9547
vn 0.2406 -0.0000 0.9706
vn 0.1819 -0.0000 0.9833
vn 0.1219 -0.0000 0.9925
vn 0.0611 -0.0000 0.9981
vn -0.0176 -0.0000 0.9998
vn -0.1330 -0.0000 0.9911
vn -0.2663 -0.0000 0.9639
vn -0.3956 -0.0000 0.9184
vn -0.5169 -0.0000 0.8560
vn -0.6272 -0.0000 0.7789
vn -0.7244 -0.0000 0.6893
vn -0.8076 -0.0000 0.5898
vn -0.8761 -0.0000 0.4821
vn -0.9298 -0.0000 0.3680
vn -0.9686 -0.0000 0.2487
vn -0.9921 -0.0000 0.1254
vn -1.0000 -0.0000 -0.0074
vn -0.9868 -0.0000 -0.1617
vn -0.9441 -0.0000 -0.3297
vn -0.8721 -0.0000 -0.4894
vn -0.7800 -0.0000 -0.6258
vn -0.6815 -0.0000 -0.7318
vn -0.5887 -0.0000 -0.8084
vn -0.5086 -0.0000 -0.8610
vn -0.4442 -0.0000 -0.8959
vn -0.3959 -0.0000 -0.9183
vn -0.3631 -0.0000 -0.9318
vn -0.3452 -0.0000 -0.9385
vn -0.3370 -0.0000 -0.9415
vn -0.8167 -0.0000 -0.5770
vn -0.9998 -0.0000 0.0211
vn -0.9959 -0.0000 0.0910
vn -0.9803 -0.0000 0.1975
vn -0.9470 -0.0000 0.3213
vn -0.8889 -0.0000 0.4581
vn -0.8017 -0.0000 0.5978
vn -0.8889 -0.0000 0.4580
vn -0.6870 -0.0000 0.7267
vn -0.8017 -0.0000 0.5977
vn -0.5545 -0.0000 0.8322
vn -0.6870 -0.0000 0.7266
vn -0.4179 -0.0000 0.9085
vn -0.2895 -0.0000 0.9572
vn -0.1765 -0.0000 0.9843
vn -0.0809 -0.0000 0.9967
vn 0.0009 -0.0000 1.0000
vn 0.0786 -0.0000 0.9969
vn 0.1570 -0.0000 0.9876
vn 0.2344 -0.0000 0.9721
vn 0.3097 -0.0000 0.9508
vn 0.3821 -0.0000 0.9241
vn 0.4508 -0.0000 0.8926
vn 0.5152 -0.0000 0.8571
vn 0.5750 -0.0000 0.8182
vn 0.6298 -0.0000 0.7768
vn 0.6795 -0.0000 0.7337
vn 0.7243 -0.0000 0.6895
vn -0.3570 -0.0000 0.9341
vn -0.9315 -0.0000 -0.3637
vn -0.7084 -0.0000 -0.7058
vn -0.6504 -0.0000 -0.7596
vn -0.5872 -0.0000 -0.8094
vn -0.5199 -0.0000 -0.8542
vn -0.4500 -0.0000 -0.8930
vn -0.3790 -0.0000 -0.9254
vn -0.3085 -0.0000 -0.9512
vn -0.2398 -0.0000 -0.9708
vn -0.1740 -0.0000 -0.9847
vn -0.1120 -0.0000 -0.9937
vn -0.0541 -0.0000 -0.9985
vn 0.0085 -0.0000 -1.0000
vn 0.0893 -0.0000 -0.9960
vn 0.1859 -0.0000 -0.9826
vn 0.2909 -0.0000 -0.9568
vn 0.4034 -0.0000 -0.9150
vn 0.5207 -0.0000 -0.8538
vn 0.6378 -0.0000 -0.7702
vn 0.7476 -0.0000 -0.6642
vn 0.8423 -0.0000 -0.5390
vn 0.9158 -0.0000 -0.4017
vn 0.9653 -0.0000 -0.2612
vn 0.9921 -0.0000 -0.1258
vn 0.9995 -0.0000 -0.0301
vn 0.9999 -0.0000 -0.0155
vn 0.9978 -0.0000 -0.0670
vn 0.9891 -0.0000 -0.1470
vn 0.9698 -0.0000 -0.2438
vn 0.9337 -0.0000 -0.3581
vn 0.8733 -0.0000 -0.4873
vn 0.9337 -0.0000 -0.3582
vn 0.7825 -0.0000 -0.6226
vn 0.8733 -0.0000 -0.4872
vn 0.6612 -0.0000 -0.7502
vn 0.5178 -0.0000 -0.8555
vn 0.6612 -0.0000 -0.7503
vn 0.3681 -0.0000 -0.9298
vn 0.5179 -0.0000 -0.8555
vn 0.2272 -0.0000 -0.9738
vn 0.1045 -0.0000 -0.9945
vn -0.0139 -0.0000 -0.9999
vn -0.1353 -0.0000 -0.9908
vn -0.2368 -0.0000 -0.9716
vn -0.3116 -0.0000 -0.9502
vn -0.3689 -0.0000 -0.9295
vn -0.3115 -0.0000 -0.9502
vn -0.4145 -0.0000 -0.9101
vn -0.4521 -0.0000 -0.8920
vn -0.4840 -0.0000 -0.8751
vn -0.5119 -0.0000 -0.8591
vn -0.5367 -0.0000 -0.8438
vn -0.5593 -0.0000 -0.8290
vn -0.5802 -0.0000 -0.8144
vn 0.4526 -0.0000 -0.8917
vn 0.8791 -0.0000 0.4767
vn 0.3536 -0.0000 0.9354
vn 0.3352 -0.0000 0.9422
vn 0.3812 -0.0000 0.9245
vn 0.4196 -0.0000 0.9077
vn 0.4705 -0.0000 0.8824
vn 0.5358 -0.0000 0.8443
vn 0.6169 -0.0000 0.7870
vn 0.7126 -0.0000 0.7016
vn 0.8158 -0.0000 0.5784
vn 0.9110 -0.0000 0.4124
vn 0.9772 -0.0000 0.2122
vn 0.9998 -0.0000 0.0220
vn 0.9922 -0.0000 -0.1244
vn 0.9680 -0.0000 -0.2510
vn 0.9262 -0.0000 -0.3771
vn 0.8667 -0.0000 -0.4988
vn 0.7905 -0.0000 -0.6125
vn 0.6993 -0.0000 -0.7148
vn 0.5957 -0.0000 -0.8032
vn 0.4827 -0.0000 -0.8758
vn 0.3636 -0.0000 -0.9316
vn 0.2415 -0.0000 -0.9704
vn 0.3635 -0.0000 -0.9316
vn 0.1196 -0.0000 -0.9928
vn 0.0087 -0.0000 -1.0000
vn -0.0825 -0.0000 -0.9966
vn -0.1630 -0.0000 -0.9866
vn -0.2399 -0.0000 -0.9708
vn -0.3121 -0.0000 -0.9501
vn -0.3788 -0.0000 -0.9255
vn -0.4397 -0.0000 -0.8981
vn -0.4947 -0.0000 -0.8691
vn -0.5439 -0.0000 -0.8391
vn -0.5878 -0.0000 -0.8090
vn -0.6267 -0.0000 -0.7793
vn -0.6611 -0.0000 -0.7503
vn -0.9157 -0.0000 -0.4018
vn -0.5796 -0.0000 0.8149
vn -0.6779 -0.0000 -0.7351
vn 0.3917 -0.0000 -0.9201
vn -0.6448 -0.0000 -0.7643
vn -0.6070 -0.0000 -0.7947
vn -0.5637 -0.0000 -0.8260
vn -0.5145 -0.0000 -0.8575
vn -0.4588 -0.0000 -0.8885
vn -0.3965 -0.0000 -0.9180
vn -0.3274 -0.0000 -0.9449
vn -0.2521 -0.0000 -0.9677
vn -0.1714 -0.0000 -0.9852
vn -0.0868 -0.0000 -0.9962
vn -0.0011 -0.0000 -1.0000
vn 0.0842 -0.0000 -0.9965
vn 0.1708 -0.0000 -0.9853
vn 0.2590 -0.0000 -0.9659
vn 0.3471 -0.0000 -0.9378
vn 0.4333 -0.0000 -0.9012
vn 0.5158 -0.0000 -0.8567
vn 0.5930 -0.0000 -0.8052
vn 0.6636 -0.0000 -0.7481
vn 0.7268 -0.0000 -0.6868
vn 0.7822 -0.0000 -0.6230
vn 0.8299 -0.0000 -0.5580
vn 0.0942 -0.0000 -0.9956
vn -0.7251 -0.0000 -0.6887
vn -0.6970 -0.0000 -0.7171
vn -0.6625 -0.0000 -0.7490
vn -0.6209 -0.0000 -0.7839
vn -0.5712 -0.0000 -0.8208
vn -0.5128 -0.0000 -0.8585
vn -0.4451 -0.0000 -0.8955
vn -0.3684 -0.0000 -0.9297
vn -0.2835 -0.0000 -0.9590
vn -0.1920 -0.0000 -0.9814
vn -0.0965 -0.0000 -0.9953
vn 0.1337 -0.0000 -0.9910
vn 0.2723 -0.0000 -0.9622
vn 0.4111 -0.0000 -0.9116
vn 0.5434 -0.0000 -0.8395
vn 0.6628 -0.0000 -0.7488
vn 0.7646 -0.0000 -0.6445
vn 0.8464 -0.0000 -0.5325
vn 0.9084 -0.0000 -0.4180
vn 0.9522 -0.0000 -0.3054
vn 0.9803 -0.0000 -0.1974
vn 0.9954 -0.0000 -0.0956
vn 0.9997 -0.0000 -0.0232
vn -0.7071 -0.0000 0.7071
vn -0.9997 -0.0000 0.0262
vn -0.9941 -0.0000 0.1080
vn -0.9997 -0.0000 0.0261
vn -0.9749 -0.0000 0.2226
vn -0.9397 -0.0000 0.3421
vn -0.8865 -0.0000 0.4627
vn -0.8146 -0.0000 0.5800
vn -0.7248 -0.0000 0.6890
vn -0.6195 -0.0000 0.7850
vn -0.5026 -0.0000 0.8645
vn -0.3783 -0.0000 0.9257
vn -0.2508 -0.0000 0.9680
vn -0.1240 -0.0000 0.9923
vn -0.2509 -0.0000 0.9680
vn -0.0117 -0.0000 0.9999
vn 0.1013 -0.0000 0.9949
vn 0.2169 -0.0000 0.9762
vn 0.3115 -0.0000 0.9502
vn 0.3891 -0.0000 0.9212
vn 0.4533 -0.0000 0.8913
vn 0.5073 -0.0000 0.8618
vn 0.5533 -0.0000 0.8330
vn 0.5934 -0.0000 0.8049
vn 0.6288 -0.0000 0.7775
vn 0.6609 -0.0000 0.7505
vn 0.6903 -0.0000 0.7235
vn 0.9231 -0.0000 0.3845
vn -0.9998 -0.0000 0.0217
vn -0.9815 -0.0000 0.1916
vn -0.9533 -0.0000 0.3021
vn -0.9075 -0.0000 0.4201
vn -0.8411 -0.0000 0.5409
vn -0.7527 -0.0000 0.6583
vn -0.6442 -0.0000 0.7648
vn -0.5203 -0.0000 0.8540
vn -0.6442 -0.0000 0.7649
vn -0.3877 -0.0000 0.9218
vn -0.5202 -0.0000 0.8540
vn -0.2535 -0.0000 0.9673
vn -0.1235 -0.0000 0.9923
vn -0.0163 -0.0000 0.9999
vn 0.0585 -0.0000 0.9983
vn 0.1256 -0.0000 0.9921
vn 0.2011 -0.0000 0.9796
vn 0.2825 -0.0000 0.9593
vn 0.3659 -0.0000 0.9307
vn 0.4469 -0.0000 0.8946
vn 0.5218 -0.0000 0.8531
vn 0.5879 -0.0000 0.8089
vn 0.6441 -0.0000 0.7649
vn 0.6904 -0.0000 0.7234
vn 0.7277 -0.0000 0.6859
vn 0.9338 -0.0000 0.3577
vn -0.7071 -0.0000 -0.7071
vn 0.4869 -0.0000 0.8735
vn 0.5233 -0.0000 0.8522
vn 0.4449 -0.0000 0.8956
vn 0.3980 -0.0000 0.9174
vn 0.3470 -0.0000 0.9379
vn 0.2934 -0.0000 0.9560
vn 0.2388 -0.0000 0.9711
vn 0.1848 -0.0000 0.9828
vn 0.1330 -0.0000 0.9911
vn 0.0845 -0.0000 0.9964
vn 0.0403 -0.0000 0.9992
vn -0.0250 -0.0000 0.9997
vn -0.1412 -0.0000 0.9900
vn -0.2852 -0.0000 0.9585
vn -0.4256 -0.0000 0.9049
vn -0.5557 -0.0000 0.8314
vn -0.6701 -0.0000 0.7422
vn -0.7664 -0.0000 0.6424
vn -0.8438 -0.0000 0.5366
vn -0.9036 -0.0000 0.4283
vn -0.9475 -0.0000 0.3198
vn -0.9773 -0.0000 0.2121
vn -0.9944 -0.0000 0.1055
vn -1.0000 -0.0000 -0.0004
vn -0.9940 -0.0000 -0.1091
vn -0.9749 -0.0000 -0.2227
vn -0.9406 -0.0000 -0.3396
vn -0.8894 -0.0000 -0.4571
vn -0.8205 -0.0000 -0.5717
vn -0.7339 -0.0000 -0.6793
vn -0.6309 -0.0000 -0.7758
vn -0.3887 -0.0000 -0.9214
vn -0.2581 -0.0000 -0.9661
vn -0.1274 -0.0000 -0.9919
vn -0.0020 -0.0000 -1.0000
vn 0.1222 -0.0000 -0.9925
vn 0.2545 -0.0000 -0.9671
vn 0.3939 -0.0000 -0.9192
vn 0.5325 -0.0000 -0.8465
vn 0.6607 -0.0000 -0.7506
vn 0.7703 -0.0000 -0.6377
vn 0.8564 -0.0000 -0.5163
vn 0.9186 -0.0000 -0.3951
vn 0.9599 -0.0000 -0.2805
vn 0.9844 -0.0000 -0.1760
vn 0.9965 -0.0000 -0.0830
vn 0.7209 -0.0000 0.6931
vn 0.9966 -0.0000 -0.0830
vn 0.7733 -0.0000 0.6340
vn 0.9706 -0.0000 -0.2406
vn 0.9427 -0.0000 -0.3338
vn 0.9005 -0.0000 -0.4348
vn 0.8413 -0.0000 -0.5406
vn 0.7633 -0.0000 -0.6461
vn 0.6671 -0.0000 -0.7449
vn 0.5566 -0.0000 -0.8308
vn 0.4378 -0.0000 -0.8991
vn 0.3177 -0.0000 -0.9482
vn 0.2026 -0.0000 -0.9793
vn 0.0965 -0.0000 -0.9953
vn 0.0076 -0.0000 -1.0000
vn -0.0612 -0.0000 -0.9981
vn -0.1212 -0.0000 -0.9926
vn -0.1792 -0.0000 -0.9838
vn -0.2344 -0.0000 -0.9721
vn -0.2864 -0.0000 -0.9581
vn -0.3347 -0.0000 -0.9423
vn -0.3793 -0.0000 -0.9253
vn -0.4201 -0.0000 -0.9075
vn -0.4571 -0.0000 -0.8894
vn -0.4904 -0.0000 -0.8715
vn -0.5202 -0.0000 -0.8540
vn 0.4826 -0.0000 -0.8758
vn 0.8775 -0.0000 0.4796
vn 0.4826 -0.0000 -0.8759
vn -0.9703 -0.0000 0.2417
vn -0.9902 -0.0000 0.1396
vn -0.9704 -0.0000 0.2417
vn -0.8866 -0.0000 0.4625
vn -0.8179 -0.0000 0.5753
vn -0.7300 -0.0000 0.6835
vn -0.6242 -0.0000 0.7812
vn -0.5044 -0.0000 0.8634
vn -0.3763 -0.0000 0.9265
vn -0.5045 -0.0000 0.8634
vn -0.2462 -0.0000 0.9692
vn -0.1198 -0.0000 0.9928
vn -0.0038 -0.0000 1.0000
vn 0.1048 -0.0000 0.9945
vn 0.2179 -0.0000 0.9760
vn 0.3375 -0.0000 0.9413
vn 0.4587 -0.0000 0.8886
vn 0.5754 -0.0000 0.8179
vn 0.6814 -0.0000 0.7319
vn 0.7721 -0.0000 0.6356
vn 0.8452 -0.0000 0.5345
vn 0.7721 -0.0000 0.6355
vn 0.9009 -0.0000 0.4340
vn 0.9411 -0.0000 0.3381
vn 0.9009 -0.0000 0.4341
vn 0.9685 -0.0000 0.2490
vn 0.7766 -0.0000 -0.6300
vn -0.7384 -0.0000 -0.6744
vn -0.7383 -0.0000 -0.6744
vt 0.346939 0.000000
vt 0.367347 0.000000
vt 0.357143 0.000000
vt 0.377551 0.000000
vt 0.336735 0.000000
vt 0.387755 0.000000
vt 0.326531 0.000000
vt 0.397959 0.000000
vt 0.316327 0.000000
vt 0.408163 0.000000
vt 0.306122 0.000000
vt 0.418367 0.000000
vt 0.295918 0.000000
vt 0.428571 0.000000
vt 0.285714 0.000000
vt 0.867347 0.000000
vt 0.877551 0.000000
vt 0.857143 0.000000
vt 0.887755 0.000000
vt 0.846939 0.000000
vt 0.897959 0.000000
vt 0.836735 0.000000
vt 0.438776 0.000000
vt 0.908163 0.000000
vt 0.275510 0.000000
vt 0.826531 0.000000
vt 0.918367 0.000000
vt 0.816327 0.000000
vt 0.928571 0.000000
vt 0.806122 0.000000
vt 0.938776 0.000000
vt 0.795918 0.000000
vt 0.265306 0.000000
vt 0.448980 0.000000
vt 0.948980 0.000000
vt 0.785714 0.000000
vt 0.959184 0.000000
vt 0.775510 0.000000
vt 0.255102 0.000000
vt 0.459184 0.000000
vt 0.969388 0.000000
vt 0.765306 0.000000
vt 0.979592 0.000000
vt 0.755102 0.000000
vt 0.244898 0.000000
vt 0.989796 0.000000
vt 0.469388 0.000000
vt 1.000000 0.000000
vt 0.234694 0.000000
vt 0.479592 0.000000
vt 0.224490 0.000000
vt 0.489796 0.000000
vt 0.500000 0.000000
vt 0.214286 0.000000
vt 0.510204 0.000000
vt 0.520408 0.000000
vt 0.204082 0.000000
vt 0.530612 0.000000
vt 0.193878 0.000000
vt 0.540816 0.000000
vt 0.724490 0.000000
vt 0.744898 0.000000
vt 0.734694 0.000000
vt 0.551020 0.000000
vt 0.714286 0.000000
vt 0.704082 0.000000
vt 0.183673 0.000000
vt 0.561224 0.000000
vt 0.693878 0.000000
vt 0.683673 0.000000
vt 0.571429 0.000000
vt 0.673469 0.000000
vt 0.581633 0.000000
vt 0.663265 0.000000
vt 0.173469 0.000000
vt 0.653061 0.000000
vt 0.591837 0.000000
vt 0.642857 0.000000
vt 0.602041 0.000000
vt 0.632653 0.000000
vt 0.622449 0.000000
vt 0.612245 0.000000
vt 0.163265 0.000000
vt 0.000000 0.000000
vt 0.153061 0.000000
vt 0.010204 0.000000
vt 0.020408 0.000000
vt 0.142857 0.000000
vt 0.030612 0.000000
vt 0.040816 0.000000
vt 0.132653 0.000000
vt 0.051020 0.000000
vt 0.061224 0.000000
vt 0.122449 0.000000
vt 0.071429 0.000000
vt 0.081633 0.000000
vt 0.091837 0.000000
vt 0.112245 0.000000
vt 0.102041 0.000000
vt 0.103774 0.000000
vt 0.122642 0.000000
vt 0.113208 0.000000
vt 0.330189 0.000000
vt 0.349057 0.000000
vt 0.339623 0.000000
vt 0.094340 0.000000
vt 0.132075 0.000000
vt 0.320755 0.000000
vt 0.358491 0.000000
vt 0.084906 0.000000
vt 0.141509 0.000000
vt 0.311321 0.000000
vt 0.075472 0.000000
vt 0.150943 0.000000
vt 0.367925 0.000000
vt 0.301887 0.000000
vt 0.066038 0.000000
vt 0.981132 0.000000
vt 0.990566 0.000000
vt 0.160377 0.000000
vt 0.292453 0.000000
vt 0.056604 0.000000
vt 0.377358 0.000000
vt 0.169811 0.000000
vt 0.047170 0.000000
vt 0.283019 0.000000
vt 0.179245 0.000000
vt 0.386792 0.000000
vt 0.037736 0.000000
vt 0.273585 0.000000
vt 0.188679 0.000000
vt 0.028302 0.000000
vt 0.264151 0.000000
vt 0.396226 0.000000
vt 0.198113 0.000000
vt 0.018868 0.000000
vt 0.254717 0.000000
vt 0.207547 0.000000
vt 0.009434 0.000000
vt 0.405660 0.000000
vt 0.245283 0.000000
vt 0.216981 0.000000
vt 0.235849 0.000000
vt 0.594340 0.000000
vt 0.415094 0.000000
vt 0.962264 0.000000
vt 0.952830 0.000000
vt 0.943396 0.000000
vt 0.933962 0.000000
vt 0.924528 0.000000
vt 0.915094 0.000000
vt 0.905660 0.000000
vt 0.896226 0.000000
vt 0.886792 0.000000
vt 0.877358 0.000000
vt 0.867925 0.000000
vt 0.858491 0.000000
vt 0.849057 0.000000
vt 0.226415 0.000000
vt 0.603774 0.000000
vt 0.839623 0.000000
vt 0.584906 0.000000
vt 0.613208 0.000000
vt 0.830189 0.000000
vt 0.575472 0.000000
vt 0.622642 0.000000
vt 0.820755 0.000000
vt 0.566038 0.000000
vt 0.632075 0.000000
vt 0.811321 0.000000
vt 0.556604 0.000000
vt 0.641509 0.000000
vt 0.424528 0.000000
vt 0.801887 0.000000
vt 0.650943 0.000000
vt 0.547170 0.000000
vt 0.660377 0.000000
vt 0.792453 0.000000
vt 0.537736 0.000000
vt 0.669811 0.000000
vt 0.783019 0.000000
vt 0.528302 0.000000
vt 0.679245 0.000000
vt 0.433962 0.000000
vt 0.773585 0.000000
vt 0.688679 0.000000
vt 0.518868 0.000000
vt 0.698113 0.000000
vt 0.764151 0.000000
vt 0.509434 0.000000
vt 0.707547 0.000000
vt 0.443396 0.000000
vt 0.754717 0.000000
vt 0.971698 0.000000
vt 0.716981 0.000000
vt 0.745283 0.000000
vt 0.490566 0.000000
vt 0.452830 0.000000
vt 0.735849 0.000000
vt 0.481132 0.000000
vt 0.462264 0.000000
vt 0.726415 0.000000
vt 0.471698 0.000000
vt 0.560694 0.000000
vt 0.572254 0.000000
vt 0.566474 0.000000
vt 0.554913 0.000000
vt 0.578035 0.000000
vt 0.549133 0.000000
vt 0.543353 0.000000
vt 0.583815 0.000000
vt 0.537572 0.000000
vt 0.589595 0.000000
vt 0.531792 0.000000
vt 0.526012 0.000000
vt 0.595376 0.000000
vt 0.520231 0.000000
vt 0.601156 0.000000
vt 0.514451 0.000000
vt 0.508671 0.000000
vt 0.606936 0.000000
vt 0.502890 0.000000
vt 0.612717 0.000000
vt 0.497110 0.000000
vt 0.491329 0.000000
vt 0.485549 0.000000
vt 0.479769 0.000000
vt 0.473988 0.000000
vt 0.468208 0.000000
vt 0.462428 0.000000
vt 0.456647 0.000000
vt 0.450867 0.000000
vt 0.445087 0.000000
vt 0.439306 0.000000
vt 0.433526 0.000000
vt 0.427746 0.000000
vt 0.421965 0.000000
vt 0.618497 0.000000
vt 0.416185 0.000000
vt 0.624277 0.000000
vt 0.410405 0.000000
vt 0.404624 0.000000
vt 0.398844 0.000000
vt 0.393064 0.000000
vt 0.387283 0.000000
vt 0.630058 0.000000
vt 0.381503 0.000000
vt 0.375723 0.000000
vt 0.369942 0.000000
vt 0.635838 0.000000
vt 0.364162 0.000000
vt 0.358382 0.000000
vt 0.641618 0.000000
vt 0.352601 0.000000
vt 0.346821 0.000000
vt 0.341040 0.000000
vt 0.335260 0.000000
vt 0.329480 0.000000
vt 0.323699 0.000000
vt 0.317919 0.000000
vt 0.791907 0.000000
vt 0.994220 0.000000
vt 0.797688 0.000000
vt 0.312139 0.000000
vt 0.803468 0.000000
vt 0.306358 0.000000
vt 0.809249 0.000000
vt 0.300578 0.000000
vt 0.815029 0.000000
vt 0.820809 0.000000
vt 0.294798 0.000000
vt 0.826590 0.000000
vt 0.289017 0.000000
vt 0.832370 0.000000
vt 0.838150 0.000000
vt 0.283237 0.000000
vt 0.843931 0.000000
vt 0.849711 0.000000
vt 0.277457 0.000000
vt 0.855491 0.000000
vt 0.271676 0.000000
vt 0.861272 0.000000
vt 0.867052 0.000000
vt 0.265896 0.000000
vt 0.872832 0.000000
vt 0.878613 0.000000
vt 0.988439 0.000000
vt 0.260116 0.000000
vt 0.982659 0.000000
vt 0.884393 0.000000
vt 0.976879 0.000000
vt 0.774566 0.000000
vt 0.786127 0.000000
vt 0.780347 0.000000
vt 0.647399 0.000000
vt 0.890173 0.000000
vt 0.768786 0.000000
vt 0.971098 0.000000
vt 0.653179 0.000000
vt 0.763006 0.000000
vt 0.254335 0.000000
vt 0.895954 0.000000
vt 0.658960 0.000000
vt 0.965318 0.000000
vt 0.757225 0.000000
vt 0.664740 0.000000
vt 0.959538 0.000000
vt 0.751445 0.000000
vt 0.901734 0.000000
vt 0.670520 0.000000
vt 0.745665 0.000000
vt 0.953757 0.000000
vt 0.676301 0.000000
vt 0.739884 0.000000
vt 0.907514 0.000000
vt 0.682081 0.000000
vt 0.947977 0.000000
vt 0.734104 0.000000
vt 0.687861 0.000000
vt 0.248555 0.000000
vt 0.728324 0.000000
vt 0.913295 0.000000
vt 0.942197 0.000000
vt 0.693642 0.000000
vt 0.722543 0.000000
vt 0.699422 0.000000
vt 0.716763 0.000000
vt 0.936416 0.000000
vt 0.705202 0.000000
vt 0.710983 0.000000
vt 0.919075 0.000000
vt 0.930636 0.000000
vt 0.924855 0.000000
vt 0.132948 0.000000
vt 0.242775 0.000000
vt 0.138728 0.000000
vt 0.127168 0.000000
vt 0.236994 0.000000
vt 0.144509 0.000000
vt 0.121387 0.000000
vt 0.231214 0.000000
vt 0.150289 0.000000
vt 0.115607 0.000000
vt 0.005780 0.000000
vt 0.156069 0.000000
vt 0.109827 0.000000
vt 0.225434 0.000000
vt 0.011561 0.000000
vt 0.161850 0.000000
vt 0.104046 0.000000
vt 0.017341 0.000000
vt 0.219653 0.000000
vt 0.167630 0.000000
vt 0.098266 0.000000
vt 0.023121 0.000000
vt 0.173410 0.000000
vt 0.092486 0.000000
vt 0.028902 0.000000
vt 0.213873 0.000000
vt 0.179191 0.000000
vt 0.086705 0.000000
vt 0.034682 0.000000
vt 0.184971 0.000000
vt 0.040462 0.000000
vt 0.080925 0.000000
vt 0.208092 0.000000
vt 0.046243 0.000000
vt 0.190751 0.000000
vt 0.075145 0.000000
vt 0.052023 0.000000
vt 0.196532 0.000000
vt 0.069364 0.000000
vt 0.202312 0.000000
vt 0.057803 0.000000
vt 0.063584 0.000000
vt 0.611765 0.000000
vt 0.619608 0.000000
vt 0.615686 0.000000
vt 0.623529 0.000000
vt 0.607843 0.000000
vt 0.603922 0.000000
vt 0.600000 0.000000
vt 0.596078 0.000000
vt 0.592157 0.000000
vt 0.588235 0.000000
vt 0.584314 0.000000
vt 0.003922 0.000000
vt 0.580392 0.000000
vt 0.627451 0.000000
vt 0.811765 0.000000
vt 0.807843 0.000000
vt 0.007843 0.000000
vt 0.803922 0.000000
vt 0.631373 0.000000
vt 0.800000 0.000000
vt 0.635294 0.000000
vt 0.796078 0.000000
vt 0.639216 0.000000
vt 0.011765 0.000000
vt 0.792157 0.000000
vt 0.643137 0.000000
vt 0.576471 0.000000
vt 0.788235 0.000000
vt 0.015686 0.000000
vt 0.647059 0.000000
vt 0.784314 0.000000
vt 0.650980 0.000000
vt 0.019608 0.000000
vt 0.780392 0.000000
vt 0.654902 0.000000
vt 0.023529 0.000000
vt 0.572549 0.000000
vt 0.776471 0.000000
vt 0.027451 0.000000
vt 0.658824 0.000000
vt 0.031373 0.000000
vt 0.772549 0.000000
vt 0.662745 0.000000
vt 0.568627 0.000000
vt 0.035294 0.000000
vt 0.768627 0.000000
vt 0.666667 0.000000
vt 0.039216 0.000000
vt 0.764706 0.000000
vt 0.670588 0.000000
vt 0.043137 0.000000
vt 0.564706 0.000000
vt 0.760784 0.000000
vt 0.047059 0.000000
vt 0.674510 0.000000
vt 0.560784 0.000000
vt 0.050980 0.000000
vt 0.756863 0.000000
vt 0.678431 0.000000
vt 0.556863 0.000000
vt 0.054902 0.000000
vt 0.552941 0.000000
vt 0.752941 0.000000
vt 0.682353 0.000000
vt 0.058824 0.000000
vt 0.549020 0.000000
vt 0.749020 0.000000
vt 0.686275 0.000000
vt 0.545098 0.000000
vt 0.062745 0.000000
vt 0.745098 0.000000
vt 0.541176 0.000000
vt 0.690196 0.000000
vt 0.066667 0.000000
vt 0.537255 0.000000
vt 0.741176 0.000000
vt 0.694118 0.000000
vt 0.533333 0.000000
vt 0.070588 0.000000
vt 0.737255 0.000000
vt 0.698039 0.000000
vt 0.529412 0.000000
vt 0.733333 0.000000
vt 0.074510 0.000000
vt 0.701961 0.000000
vt 0.525490 0.000000
vt 0.729412 0.000000
vt 0.705882 0.000000
vt 0.078431 0.000000
vt 0.521569 0.000000
vt 0.725490 0.000000
vt 0.709804 0.000000
vt 0.721569 0.000000
vt 0.713726 0.000000
vt 0.517647 0.000000
vt 0.717647 0.000000
vt 0.082353 0.000000
vt 0.513726 0.000000
vt 0.086275 0.000000
vt 0.509804 0.000000
vt 0.090196 0.000000
vt 0.505882 0.000000
vt 0.501961 0.000000
vt 0.094118 0.000000
vt 0.498039 0.000000
vt 0.098039 0.000000
vt 0.494118 0.000000
vt 0.490196 0.000000
vt 0.486275 0.000000
vt 0.101961 0.000000
vt 0.482353 0.000000
vt 0.478431 0.000000
vt 0.474510 0.000000
vt 0.105882 0.000000
vt 0.470588 0.000000
vt 0.466667 0.000000
vt 0.462745 0.000000
vt 0.109804 0.000000
vt 0.458824 0.000000
vt 0.113725 0.000000
vt 0.454902 0.000000
vt 0.117647 0.000000
vt 0.450980 0.000000
vt 0.121569 0.000000
vt 0.447059 0.000000
vt 0.125490 0.000000
vt 0.129412 0.000000
vt 0.443137 0.000000
vt 0.133333 0.000000
vt 0.439216 0.000000
vt 0.137255 0.000000
vt 0.435294 0.000000
vt 0.431373 0.000000
vt 0.141176 0.000000
vt 0.427451 0.000000
vt 0.145098 0.000000
vt 0.423529 0.000000
vt 0.149020 0.000000
vt 0.419608 0.000000
vt 0.152941 0.000000
vt 0.415686 0.000000
vt 0.156863 0.000000
vt 0.411765 0.000000
vt 0.160784 0.000000
vt 0.407843 0.000000
vt 0.164706 0.000000
vt 0.403922 0.000000
vt 0.168627 0.000000
vt 0.400000 0.000000
vt 0.172549 0.000000
vt 0.396078 0.000000
vt 0.176471 0.000000
vt 0.392157 0.000000
vt 0.180392 0.000000
vt 0.388235 0.000000
vt 0.184314 0.000000
vt 0.384314 0.000000
vt 0.188235 0.000000
vt 0.380392 0.000000
vt 0.192157 0.000000
vt 0.376471 0.000000
vt 0.196078 0.000000
vt 0.372549 0.000000
vt 0.200000 0.000000
vt 0.368627 0.000000
vt 0.364706 0.000000
vt 0.203922 0.000000
vt 0.360784 0.000000
vt 0.207843 0.000000
vt 0.356863 0.000000
vt 0.211765 0.000000
vt 0.352941 0.000000
vt 0.215686 0.000000
vt 0.349020 0.000000
vt 0.996078 0.000000
vt 0.219608 0.000000
vt 0.815686 0.000000
vt 0.992157 0.000000
vt 0.819608 0.000000
vt 0.988235 0.000000
vt 0.823529 0.000000
vt 0.345098 0.000000
vt 0.984314 0.000000
vt 0.827451 0.000000
vt 0.980392 0.000000
vt 0.831373 0.000000
vt 0.976471 0.000000
vt 0.223529 0.000000
vt 0.835294 0.000000
vt 0.972549 0.000000
vt 0.341176 0.000000
vt 0.839216 0.000000
vt 0.968627 0.000000
vt 0.227451 0.000000
vt 0.843137 0.000000
vt 0.337255 0.000000
vt 0.964706 0.000000
vt 0.847059 0.000000
vt 0.960784 0.000000
vt 0.231373 0.000000
vt 0.850980 0.000000
vt 0.333333 0.000000
vt 0.956863 0.000000
vt 0.854902 0.000000
vt 0.235294 0.000000
vt 0.329412 0.000000
vt 0.858824 0.000000
vt 0.952941 0.000000
vt 0.239216 0.000000
vt 0.862745 0.000000
vt 0.325490 0.000000
vt 0.949020 0.000000
vt 0.866667 0.000000
vt 0.945098 0.000000
vt 0.243137 0.000000
vt 0.870588 0.000000
vt 0.941176 0.000000
vt 0.321569 0.000000
vt 0.874510 0.000000
vt 0.937255 0.000000
vt 0.878431 0.000000
vt 0.247059 0.000000
vt 0.933333 0.000000
vt 0.317647 0.000000
vt 0.882353 0.000000
vt 0.929412 0.000000
vt 0.886275 0.000000
vt 0.925490 0.000000
vt 0.890196 0.000000
vt 0.250980 0.000000
vt 0.921569 0.000000
vt 0.313726 0.000000
vt 0.894118 0.000000
vt 0.917647 0.000000
vt 0.898039 0.000000
vt 0.913725 0.000000
vt 0.901961 0.000000
vt 0.909804 0.000000
vt 0.905882 0.000000
vt 0.254902 0.000000
vt 0.309804 0.000000
vt 0.258824 0.000000
vt 0.305882 0.000000
vt 0.301961 0.000000
vt 0.262745 0.000000
vt 0.298039 0.000000
vt 0.266667 0.000000
vt 0.294118 0.000000
vt 0.270588 0.000000
vt 0.290196 0.000000
vt 0.274510 0.000000
vt 0.286275 0.000000
vt 0.278431 0.000000
vt 0.282353 0.000000
vt 0.006250 1.000000
vt 0.000000 1.000000
vt 0.012500 1.000000
vt 0.006250 0.000000
vt 0.018750 1.000000
vt 0.012500 0.000000
vt 0.025000 1.000000
vt 0.018750 0.000000
vt 0.031250 1.000000
vt 0.025000 0.000000
vt 0.037500 1.000000
vt 0.031250 0.000000
vt 0.043750 1.000000
vt 0.037500 0.000000
vt 0.050000 1.000000
vt 0.043750 0.000000
vt 0.056250 1.000000
vt 0.050000 0.000000
vt 0.062500 1.000000
vt 0.056250 0.000000
vt 0.068750 1.000000
vt 0.062500 0.000000
vt 0.075000 1.000000
vt 0.068750 0.000000
vt 0.081250 1.000000
vt 0.075000 0.000000
vt 0.087500 1.000000
vt 0.081250 0.000000
vt 0.093750 1.000000
vt 0.087500 0.000000
vt 0.100000 1.000000
vt 0.093750 0.000000
vt 0.106250 1.000000
vt 0.100000 0.000000
vt 0.112500 1.000000
vt 0.106250 0.000000
vt 0.118750 1.000000
vt 0.112500 0.000000
vt 0.125000 1.000000
vt 0.118750 0.000000
vt 0.131250 1.000000
vt 0.125000 0.000000
vt 0.137500 1.000000
vt 0.131250 0.000000
vt 0.143750 1.000000
vt 0.137500 0.000000
vt 0.150000 1.000000
vt 0.143750 0.000000
vt 0.156250 1.000000
vt 0.150000 0.000000
vt 0.162500 1.000000
vt 0.156250 0.000000
vt 0.168750 1.000000
vt 0.162500 0.000000
vt 0.175000 1.000000
vt 0.168750 0.000000
vt 0.181250 1.000000
vt 0.175000 0.000000
vt 0.187500 1.000000
vt 0.181250 0.000000
vt 0.193750 1.000000
vt 0.187500 0.000000
vt 0.200000 1.000000
vt 0.193750 0.000000
vt 0.206250 1.000000
vt 0.212500 1.000000
vt 0.206250 0.000000
vt 0.218750 1.000000
vt 0.212500 0.000000
vt 0.225000 1.000000
vt 0.218750 0.000000
vt 0.231250 1.000000
vt 0.225000 0.000000
vt 0.237500 1.000000
vt 0.231250 0.000000
vt 0.243750 1.000000
vt 0.237500 0.000000
vt 0.250000 1.000000
vt 0.243750 0.000000
vt 0.256250 1.000000
vt 0.250000 0.000000
vt 0.262500 1.000000
vt 0.256250 0.000000
vt 0.268750 1.000000
vt 0.262500 0.000000
vt 0.275000 1.000000
vt 0.268750 0.000000
vt 0.281250 1.000000
vt 0.275000 0.000000
vt 0.287500 1.000000
vt 0.281250 0.000000
vt 0.293750 1.000000
vt 0.287500 0.000000
vt 0.300000 1.000000
vt 0.293750 0.000000
vt 0.306250 1.000000
vt 0.300000 0.000000
vt 0.312500 1.000000
vt 0.306250 0.000000
vt 0.318750 1.000000
vt 0.312500 0.000000
vt 0.325000 1.000000
vt 0.318750 0.000000
vt 0.331250 1.000000
vt 0.325000 0.000000
vt 0.337500 1.000000
vt 0.331250 0.000000
vt 0.343750 1.000000
vt 0.337500 0.000000
vt 0.350000 1.000000
vt 0.343750 0.000000
vt 0.356250 1.000000
vt 0.350000 0.000000
vt 0.362500 1.000000
vt 0.356250 0.000000
vt 0.368750 1.000000
vt 0.362500 0.000000
vt 0.375000 1.000000
vt 0.368750 0.000000
vt 0.381250 1.000000
vt 0.375000 0.000000
vt 0.387500 1.000000
vt 0.381250 0.000000
vt 0.393750 1.000000
vt 0.387500 0.000000
vt 0.400000 1.000000
vt 0.393750 0.000000
vt 0.406250 1.000000
vt 0.412500 1.000000
vt 0.406250 0.000000
vt 0.418750 1.000000
vt 0.412500 0.000000
vt 0.425000 1.000000
vt 0.418750 0.000000
vt 0.431250 1.000000
vt 0.425000 0.000000
vt 0.437500 1.000000
vt 0.431250 0.000000
vt 0.443750 1.000000
vt 0.437500 0.000000
vt 0.450000 1.000000
vt 0.443750 0.000000
vt 0.456250 1.000000
vt 0.450000 0.000000
vt 0.462500 1.000000
vt 0.456250 0.000000
vt 0.468750 1.000000
vt 0.462500 0.000000
vt 0.475000 1.000000
vt 0.468750 0.000000
vt 0.481250 1.000000
vt 0.475000 0.000000
vt 0.487500 1.000000
vt 0.481250 0.000000
vt 0.493750 1.000000
vt 0.487500 0.000000
vt 0.500000 1.000000
vt 0.493750 0.000000
vt 0.506250 1.000000
vt 0.512500 1.000000
vt 0.506250 0.000000
vt 0.518750 1.000000
vt 0.512500 0.000000
vt 0.525000 1.000000
vt 0.518750 0.000000
vt 0.531250 1.000000
vt 0.525000 0.000000
vt 0.537500 1.000000
vt 0.531250 0.000000
vt 0.543750 1.000000
vt 0.537500 0.000000
vt 0.550000 1.000000
vt 0.543750 0.000000
vt 0.556250 1.000000
vt 0.550000 0.000000
vt 0.562500 1.000000
vt 0.556250 0.000000
vt 0.568750 1.000000
vt 0.562500 0.000000
vt 0.575000 1.000000
vt 0.568750 0.000000
vt 0.581250 1.000000
vt 0.575000 0.000000
vt 0.587500 1.000000
vt 0.581250 0.000000
vt 0.593750 1.000000
vt 0.587500 0.000000
vt 0.600000 1.000000
vt 0.593750 0.000000
vt 0.606250 1.000000
vt 0.612500 1.000000
vt 0.606250 0.000000
vt 0.618750 1.000000
vt 0.612500 0.000000
vt 0.625000 1.000000
vt 0.618750 0.000000
vt 0.631250 1.000000
vt 0.625000 0.000000
vt 0.637500 1.000000
vt 0.631250 0.000000
vt 0.643750 1.000000
vt 0.637500 0.000000
vt 0.650000 1.000000
vt 0.643750 0.000000
vt 0.656250 1.000000
vt 0.650000 0.000000
vt 0.662500 1.000000
vt 0.656250 0.000000
vt 0.668750 1.000000
vt 0.662500 0.000000
vt 0.675000 1.000000
vt 0.668750 0.000000
vt 0.681250 1.000000
vt 0.675000 0.000000
vt 0.687500 1.000000
vt 0.681250 0.000000
vt 0.693750 1.000000
vt 0.687500 0.000000
vt 0.700000 1.000000
vt 0.693750 0.000000
vt 0.706250 1.000000
vt 0.700000 0.000000
vt 0.712500 1.000000
vt 0.706250 0.000000
vt 0.718750 1.000000
vt 0.712500 0.000000
vt 0.725000 1.000000
vt 0.718750 0.000000
vt 0.731250 1.000000
vt 0.725000 0.000000
vt 0.737500 1.000000
vt 0.731250 0.000000
vt 0.743750 1.000000
vt 0.737500 0.000000
vt 0.750000 1.000000
vt 0.743750 0.000000
vt 0.756250 1.000000
vt 0.750000 0.000000
vt 0.762500 1.000000
vt 0.756250 0.000000
vt 0.768750 1.000000
vt 0.762500 0.000000
vt 0.775000 1.000000
vt 0.768750 0.000000
vt 0.781250 1.000000
vt 0.775000 0.000000
vt 0.787500 1.000000
vt 0.781250 0.000000
vt 0.793750 1.000000
vt 0.787500 0.000000
vt 0.800000 1.000000
vt 0.793750 0.000000
vt 0.806250 1.000000
vt 0.812500 1.000000
vt 0.806250 0.000000
vt 0.818750 1.000000
vt 0.812500 0.000000
vt 0.825000 1.000000
vt 0.818750 0.000000
vt 0.831250 1.000000
vt 0.825000 0.000000
vt 0.837500 1.000000
vt 0.831250 0.000000
vt 0.843750 1.000000
vt 0.837500 0.000000
vt 0.850000 1.000000
vt 0.843750 0.000000
vt 0.856250 1.000000
vt 0.850000 0.000000
vt 0.862500 1.000000
vt 0.856250 0.000000
vt 0.868750 1.000000
vt 0.862500 0.000000
vt 0.875000 1.000000
vt 0.868750 0.000000
vt 0.881250 1.000000
vt 0.875000 0.000000
vt 0.887500 1.000000
vt 0.881250 0.000000
vt 0.893750 1.000000
vt 0.887500 0.000000
vt 0.900000 1.000000
vt 0.893750 0.000000
vt 0.906250 1.000000
vt 0.900000 0.000000
vt 0.912500 1.000000
vt 0.906250 0.000000
vt 0.918750 1.000000
vt 0.912500 0.000000
vt 0.925000 1.000000
vt 0.918750 0.000000
vt 0.931250 1.000000
vt 0.925000 0.000000
vt 0.937500 1.000000
vt 0.931250 0.000000
vt 0.943750 1.000000
vt 0.937500 0.000000
vt 0.950000 1.000000
vt 0.943750 0.000000
vt 0.956250 1.000000
vt 0.950000 0.000000
vt 0.962500 1.000000
vt 0.956250 0.000000
vt 0.968750 1.000000
vt 0.962500 0.000000
vt 0.975000 1.000000
vt 0.968750 0.000000
vt 0.981250 1.000000
vt 0.975000 0.000000
vt 0.987500 1.000000
vt 0.981250 0.000000
vt 0.993750 1.000000
vt 0.987500 0.000000
vt 1.000000 1.000000
vt 0.993750 0.000000
vt 0.020833 1.000000
vt 0.041667 1.000000
vt 0.020833 0.000000
vt 0.041667 0.000000
vt 0.083333 1.000000
vt 0.104167 1.000000
vt 0.083333 0.000000
vt 0.104167 0.000000
vt 0.145833 1.000000
vt 0.166667 1.000000
vt 0.145833 0.000000
vt 0.166667 0.000000
vt 0.208333 1.000000
vt 0.229167 1.000000
vt 0.208333 0.000000
vt 0.229167 0.000000
vt 0.270833 1.000000
vt 0.291667 1.000000
vt 0.270833 0.000000
vt 0.291667 0.000000
vt 0.333333 1.000000
vt 0.354167 1.000000
vt 0.354167 0.000000
vt 0.395833 1.000000
vt 0.416667 1.000000
vt 0.395833 0.000000
vt 0.416667 0.000000
vt 0.458333 1.000000
vt 0.479167 1.000000
vt 0.458333 0.000000
vt 0.479167 0.000000
vt 0.520833 1.000000
vt 0.541667 1.000000
vt 0.520833 0.000000
vt 0.541667 0.000000
vt 0.583333 1.000000
vt 0.604167 1.000000
vt 0.583333 0.000000
vt 0.604167 0.000000
vt 0.645833 1.000000
vt 0.666667 1.000000
vt 0.645833 0.000000
vt 0.708333 1.000000
vt 0.729167 1.000000
vt 0.708333 0.000000
vt 0.729167 0.000000
vt 0.770833 1.000000
vt 0.791667 1.000000
vt 0.770833 0.000000
vt 0.791667 0.000000
vt 0.833333 1.000000
vt 0.854167 1.000000
vt 0.833333 0.000000
vt 0.854167 0.000000
vt 0.895833 1.000000
vt 0.916667 1.000000
vt 0.895833 0.000000
vt 0.916667 0.000000
vt 0.958333 1.000000
vt 0.979167 1.000000
vt 0.958333 0.000000
vt 0.979167 0.000000
vt 0.007299 1.000000
vt 0.014599 1.000000
vt 0.007299 0.000000
vt 0.021898 1.000000
vt 0.014599 0.000000
vt 0.029197 1.000000
vt 0.021898 0.000000
vt 0.036496 1.000000
vt 0.029197 0.000000
vt 0.043796 1.000000
vt 0.036496 0.000000
vt 0.051095 1.000000
vt 0.043796 0.000000
vt 0.058394 1.000000
vt 0.051095 0.000000
vt 0.065693 1.000000
vt 0.058394 0.000000
vt 0.072993 1.000000
vt 0.065693 0.000000
vt 0.080292 1.000000
vt 0.072993 0.000000
vt 0.087591 1.000000
vt 0.080292 0.000000
vt 0.094891 1.000000
vt 0.087591 0.000000
vt 0.102190 1.000000
vt 0.094891 0.000000
vt 0.109489 1.000000
vt 0.102190 0.000000
vt 0.116788 1.000000
vt 0.109489 0.000000
vt 0.124088 1.000000
vt 0.116788 0.000000
vt 0.131387 1.000000
vt 0.124088 0.000000
vt 0.138686 1.000000
vt 0.131387 0.000000
vt 0.145985 1.000000
vt 0.138686 0.000000
vt 0.153285 1.000000
vt 0.145985 0.000000
vt 0.160584 1.000000
vt 0.153285 0.000000
vt 0.167883 1.000000
vt 0.160584 0.000000
vt 0.175182 1.000000
vt 0.167883 0.000000
vt 0.182482 1.000000
vt 0.175182 0.000000
vt 0.189781 1.000000
vt 0.182482 0.000000
vt 0.197080 1.000000
vt 0.189781 0.000000
vt 0.204380 1.000000
vt 0.197080 0.000000
vt 0.211679 1.000000
vt 0.204380 0.000000
vt 0.218978 1.000000
vt 0.211679 0.000000
vt 0.226277 1.000000
vt 0.218978 0.000000
vt 0.233577 1.000000
vt 0.226277 0.000000
vt 0.240876 1.000000
vt 0.233577 0.000000
vt 0.248175 1.000000
vt 0.240876 0.000000
vt 0.255474 1.000000
vt 0.248175 0.000000
vt 0.262774 1.000000
vt 0.255474 0.000000
vt 0.270073 1.000000
vt 0.262774 0.000000
vt 0.277372 1.000000
vt 0.270073 0.000000
vt 0.284672 1.000000
vt 0.277372 0.000000
vt 0.291971 1.000000
vt 0.284672 0.000000
vt 0.299270 1.000000
vt 0.291971 0.000000
vt 0.306569 1.000000
vt 0.299270 0.000000
vt 0.313869 1.000000
vt 0.306569 0.000000
vt 0.321168 1.000000
vt 0.313869 0.000000
vt 0.328467 1.000000
vt 0.321168 0.000000
vt 0.335766 1.000000
vt 0.328467 0.000000
vt 0.343066 1.000000
vt 0.335766 0.000000
vt 0.350365 1.000000
vt 0.343066 0.000000
vt 0.357664 1.000000
vt 0.350365 0.000000
vt 0.364964 1.000000
vt 0.357664 0.000000
vt 0.372263 1.000000
vt 0.364964 0.000000
vt 0.379562 1.000000
vt 0.372263 0.000000
vt 0.386861 1.000000
vt 0.379562 0.000000
vt 0.394161 1.000000
vt 0.386861 0.000000
vt 0.401460 1.000000
vt 0.394161 0.000000
vt 0.408759 1.000000
vt 0.401460 0.000000
vt 0.416058 1.000000
vt 0.408759 0.000000
vt 0.423358 1.000000
vt 0.416058 0.000000
vt 0.430657 1.000000
vt 0.423358 0.000000
vt 0.437956 1.000000
vt 0.430657 0.000000
vt 0.445255 1.000000
vt 0.437956 0.000000
vt 0.452555 1.000000
vt 0.445255 0.000000
vt 0.459854 1.000000
vt 0.452555 0.000000
vt 0.467153 1.000000
vt 0.459854 0.000000
vt 0.474453 1.000000
vt 0.467153 0.000000
vt 0.481752 1.000000
vt 0.474453 0.000000
vt 0.489051 1.000000
vt 0.481752 0.000000
vt 0.496350 1.000000
vt 0.489051 0.000000
vt 0.503650 1.000000
vt 0.496350 0.000000
vt 0.510949 1.000000
vt 0.503650 0.000000
vt 0.518248 1.000000
vt 0.510949 0.000000
vt 0.525547 1.000000
vt 0.518248 0.000000
vt 0.532847 1.000000
vt 0.525547 0.000000
vt 0.540146 1.000000
vt 0.532847 0.000000
vt 0.547445 1.000000
vt 0.540146 0.000000
vt 0.554745 1.000000
vt 0.547445 0.000000
vt 0.562044 1.000000
vt 0.554745 0.000000
vt 0.569343 1.000000
vt 0.562044 0.000000
vt 0.576642 1.000000
vt 0.569343 0.000000
vt 0.583942 1.000000
vt 0.576642 0.000000
vt 0.591241 1.000000
vt 0.583942 0.000000
vt 0.598540 1.000000
vt 0.591241 0.000000
vt 0.605839 1.000000
vt 0.598540 0.000000
vt 0.613139 1.000000
vt 0.605839 0.000000
vt 0.620438 1.000000
vt 0.613139 0.000000
vt 0.627737 1.000000
vt 0.620438 0.000000
vt 0.635036 1.000000
vt 0.627737 0.000000
vt 0.642336 1.000000
vt 0.635036 0.000000
vt 0.649635 1.000000
vt 0.642336 0.000000
vt 0.656934 1.000000
vt 0.649635 0.000000
vt 0.664234 1.000000
vt 0.656934 0.000000
vt 0.671533 1.000000
vt 0.664234 0.000000
vt 0.678832 1.000000
vt 0.671533 0.000000
vt 0.686131 1.000000
vt 0.678832 0.000000
vt 0.693431 1.000000
vt 0.686131 0.000000
vt 0.700730 1.000000
vt 0.693431 0.000000
vt 0.708029 1.000000
vt 0.700730 0.000000
vt 0.715328 1.000000
vt 0.708029 0.000000
vt 0.722628 1.000000
vt 0.715328 0.000000
vt 0.729927 1.000000
vt 0.722628 0.000000
vt 0.737226 1.000000
vt 0.729927 0.000000
vt 0.744526 1.000000
vt 0.737226 0.000000
vt 0.751825 1.000000
vt 0.744526 0.000000
vt 0.759124 1.000000
vt 0.751825 0.000000
vt 0.766423 1.000000
vt 0.759124 0.000000
vt 0.773723 1.000000
vt 0.766423 0.000000
vt 0.781022 1.000000
vt 0.773723 0.000000
vt 0.788321 1.000000
vt 0.781022 0.000000
vt 0.795620 1.000000
vt 0.788321 0.000000
vt 0.802920 1.000000
vt 0.795620 0.000000
vt 0.810219 1.000000
vt 0.802920 0.000000
vt 0.817518 1.000000
vt 0.810219 0.000000
vt 0.824818 1.000000
vt 0.817518 0.000000
vt 0.832117 1.000000
vt 0.824818 0.000000
vt 0.839416 1.000000
vt 0.832117 0.000000
vt 0.846715 1.000000
vt 0.839416 0.000000
vt 0.854015 1.000000
vt 0.846715 0.000000
vt 0.861314 1.000000
vt 0.854015 0.000000
vt 0.868613 1.000000
vt 0.861314 0.000000
vt 0.875912 1.000000
vt 0.868613 0.000000
vt 0.883212 1.000000
vt 0.875912 0.000000
vt 0.890511 1.000000
vt 0.883212 0.000000
vt 0.897810 1.000000
vt 0.890511 0.000000
vt 0.905109 1.000000
vt 0.897810 0.000000
vt 0.912409 1.000000
vt 0.905109 0.000000
vt 0.919708 1.000000
vt 0.912409 0.000000
vt 0.927007 1.000000
vt 0.919708 0.000000
vt 0.934307 1.000000
vt 0.927007 0.000000
vt 0.941606 1.000000
vt 0.934307 0.000000
vt 0.948905 1.000000
vt 0.941606 0.000000
vt 0.956204 1.000000
vt 0.948905 0.000000
vt 0.963504 1.000000
vt 0.956204 0.000000
vt 0.970803 1.000000
vt 0.963504 0.000000
vt 0.978102 1.000000
vt 0.970803 0.000000
vt 0.985401 1.000000
vt 0.978102 0.000000
vt 0.992701 1.000000
vt 0.985401 0.000000
vt 0.992701 0.000000
vt 0.027027 1.000000
vt 0.054054 1.000000
vt 0.027027 0.000000
vt 0.081081 1.000000
vt 0.054054 0.000000
vt 0.108108 1.000000
vt 0.081081 0.000000
vt 0.135135 1.000000
vt 0.108108 0.000000
vt 0.162162 1.000000
vt 0.135135 0.000000
vt 0.189189 1.000000
vt 0.162162 0.000000
vt 0.216216 1.000000
vt 0.189189 0.000000
vt 0.243243 1.000000
vt 0.216216 0.000000
vt 0.270270 1.000000
vt 0.243243 0.000000
vt 0.297297 1.000000
vt 0.270270 0.000000
vt 0.324324 1.000000
vt 0.297297 0.000000
vt 0.351351 1.000000
vt 0.324324 0.000000
vt 0.378378 1.000000
vt 0.351351 0.000000
vt 0.405405 1.000000
vt 0.378378 0.000000
vt 0.432432 1.000000
vt 0.405405 0.000000
vt 0.459459 1.000000
vt 0.432432 0.000000
vt 0.486486 1.000000
vt 0.459459 0.000000
vt 0.513514 1.000000
vt 0.486486 0.000000
vt 0.540541 1.000000
vt 0.513514 0.000000
vt 0.567568 1.000000
vt 0.540541 0.000000
vt 0.594595 1.000000
vt 0.567568 0.000000
vt 0.621622 1.000000
vt 0.594595 0.000000
vt 0.648649 1.000000
vt 0.621622 0.000000
vt 0.675676 1.000000
vt 0.648649 0.000000
vt 0.702703 1.000000
vt 0.675676 0.000000
vt 0.729730 1.000000
vt 0.702703 0.000000
vt 0.756757 1.000000
vt 0.729730 0.000000
vt 0.783784 1.000000
vt 0.756757 0.000000
vt 0.810811 1.000000
vt 0.783784 0.000000
vt 0.837838 1.000000
vt 0.810811 0.000000
vt 0.864865 1.000000
vt 0.837838 0.000000
vt 0.891892 1.000000
vt 0.864865 0.000000
vt 0.918919 1.000000
vt 0.891892 0.000000
vt 0.945946 1.000000
vt 0.918919 0.000000
vt 0.972973 1.000000
vt 0.945946 0.000000
vt 0.972973 0.000000
vt 0.009346 1.000000
vt 0.018692 1.000000
vt 0.009346 0.000000
vt 0.028037 1.000000
vt 0.018692 0.000000
vt 0.037383 1.000000
vt 0.028037 0.000000
vt 0.046729 1.000000
vt 0.037383 0.000000
vt 0.056075 1.000000
vt 0.046729 0.000000
vt 0.065421 1.000000
vt 0.056075 0.000000
vt 0.074766 1.000000
vt 0.065421 0.000000
vt 0.084112 1.000000
vt 0.074766 0.000000
vt 0.093458 1.000000
vt 0.084112 0.000000
vt 0.102804 1.000000
vt 0.093458 0.000000
vt 0.112150 1.000000
vt 0.102804 0.000000
vt 0.121495 1.000000
vt 0.112150 0.000000
vt 0.130841 1.000000
vt 0.121495 0.000000
vt 0.140187 1.000000
vt 0.130841 0.000000
vt 0.149533 1.000000
vt 0.140187 0.000000
vt 0.158879 1.000000
vt 0.149533 0.000000
vt 0.168224 1.000000
vt 0.158879 0.000000
vt 0.177570 1.000000
vt 0.168224 0.000000
vt 0.186916 1.000000
vt 0.177570 0.000000
vt 0.196262 1.000000
vt 0.186916 0.000000
vt 0.205607 1.000000
vt 0.196262 0.000000
vt 0.214953 1.000000
vt 0.205607 0.000000
vt 0.224299 1.000000
vt 0.214953 0.000000
vt 0.233645 1.000000
vt 0.224299 0.000000
vt 0.242991 1.000000
vt 0.233645 0.000000
vt 0.252336 1.000000
vt 0.242991 0.000000
vt 0.261682 1.000000
vt 0.252336 0.000000
vt 0.271028 1.000000
vt 0.261682 0.000000
vt 0.280374 1.000000
vt 0.271028 0.000000
vt 0.289720 1.000000
vt 0.280374 0.000000
vt 0.299065 1.000000
vt 0.289720 0.000000
vt 0.308411 1.000000
vt 0.299065 0.000000
vt 0.317757 1.000000
vt 0.308411 0.000000
vt 0.327103 1.000000
vt 0.317757 0.000000
vt 0.336449 1.000000
vt 0.327103 0.000000
vt 0.345794 1.000000
vt 0.336449 0.000000
vt 0.355140 1.000000
vt 0.345794 0.000000
vt 0.364486 1.000000
vt 0.355140 0.000000
vt 0.373832 1.000000
vt 0.364486 0.000000
vt 0.383178 1.000000
vt 0.373832 0.000000
vt 0.392523 1.000000
vt 0.383178 0.000000
vt 0.401869 1.000000
vt 0.392523 0.000000
vt 0.411215 1.000000
vt 0.401869 0.000000
vt 0.420561 1.000000
vt 0.411215 0.000000
vt 0.429907 1.000000
vt 0.420561 0.000000
vt 0.439252 1.000000
vt 0.429907 0.000000
vt 0.448598 1.000000
vt 0.439252 0.000000
vt 0.457944 1.000000
vt 0.448598 0.000000
vt 0.467290 1.000000
vt 0.457944 0.000000
vt 0.476636 1.000000
vt 0.467290 0.000000
vt 0.485981 1.000000
vt 0.476636 0.000000
vt 0.495327 1.000000
vt 0.485981 0.000000
vt 0.504673 1.000000
vt 0.495327 0.000000
vt 0.514019 1.000000
vt 0.504673 0.000000
vt 0.523364 1.000000
vt 0.514019 0.000000
vt 0.532710 1.000000
vt 0.523364 0.000000
vt 0.542056 1.000000
vt 0.532710 0.000000
vt 0.551402 1.000000
vt 0.542056 0.000000
vt 0.560748 1.000000
vt 0.551402 0.000000
vt 0.570093 1.000000
vt 0.560748 0.000000
vt 0.579439 1.000000
vt 0.570093 0.000000
vt 0.588785 1.000000
vt 0.579439 0.000000
vt 0.598131 1.000000
vt 0.588785 0.000000
vt 0.607477 1.000000
vt 0.598131 0.000000
vt 0.616822 1.000000
vt 0.607477 0.000000
vt 0.626168 1.000000
vt 0.616822 0.000000
vt 0.635514 1.000000
vt 0.626168 0.000000
vt 0.644860 1.000000
vt 0.635514 0.000000
vt 0.654206 1.000000
vt 0.644860 0.000000
vt 0.663551 1.000000
vt 0.654206 0.000000
vt 0.672897 1.000000
vt 0.663551 0.000000
vt 0.682243 1.000000
vt 0.672897 0.000000
vt 0.691589 1.000000
vt 0.682243 0.000000
vt 0.700935 1.000000
vt 0.691589 0.000000
vt 0.710280 1.000000
vt 0.700935 0.000000
vt 0.719626 1.000000
vt 0.710280 0.000000
vt 0.728972 1.000000
vt 0.719626 0.000000
vt 0.738318 1.000000
vt 0.728972 0.000000
vt 0.747664 1.000000
vt 0.738318 0.000000
vt 0.757009 1.000000
vt 0.747664 0.000000
vt 0.766355 1.000000
vt 0.757009 0.000000
vt 0.775701 1.000000
vt 0.766355 0.000000
vt 0.785047 1.000000
vt 0.775701 0.000000
vt 0.794393 1.000000
vt 0.785047 0.000000
vt 0.803738 1.000000
vt 0.794393 0.000000
vt 0.813084 1.000000
vt 0.803738 0.000000
vt 0.822430 1.000000
vt 0.813084 0.000000
vt 0.831776 1.000000
vt 0.822430 0.000000
vt 0.841121 1.000000
vt 0.831776 0.000000
vt 0.850467 1.000000
vt 0.841121 0.000000
vt 0.859813 1.000000
vt 0.850467 0.000000
vt 0.869159 1.000000
vt 0.859813 0.000000
vt 0.878505 1.000000
vt 0.869159 0.000000
vt 0.887850 1.000000
vt 0.878505 0.000000
vt 0.897196 1.000000
vt 0.887850 0.000000
vt 0.906542 1.000000
vt 0.897196 0.000000
vt 0.915888 1.000000
vt 0.906542 0.000000
vt 0.925234 1.000000
vt 0.915888 0.000000
vt 0.934579 1.000000
vt 0.925234 0.000000
vt 0.943925 1.000000
vt 0.934579 0.000000
vt 0.953271 1.000000
vt 0.943925 0.000000
vt 0.962617 1.000000
vt 0.953271 0.000000
vt 0.971963 1.000000
vt 0.962617 0.000000
vt 0.981308 1.000000
vt 0.971963 0.000000
vt 0.990654 1.000000
vt 0.981308 0.000000
vt 0.990654 0.000000
vt 0.013514 1.000000
vt 0.013514 0.000000
vt 0.040541 1.000000
vt 0.040541 0.000000
vt 0.067568 1.000000
vt 0.067568 0.000000
vt 0.094595 1.000000
vt 0.094595 0.000000
vt 0.121622 1.000000
vt 0.121622 0.000000
vt 0.148649 1.000000
vt 0.148649 0.000000
vt 0.175676 1.000000
vt 0.175676 0.000000
vt 0.202703 1.000000
vt 0.202703 0.000000
vt 0.229730 1.000000
vt 0.229730 0.000000
vt 0.256757 1.000000
vt 0.256757 0.000000
vt 0.283784 1.000000
vt 0.283784 0.000000
vt 0.310811 1.000000
vt 0.310811 0.000000
vt 0.337838 1.000000
vt 0.337838 0.000000
vt 0.364865 1.000000
vt 0.364865 0.000000
vt 0.391892 1.000000
vt 0.391892 0.000000
vt 0.418919 1.000000
vt 0.418919 0.000000
vt 0.445946 1.000000
vt 0.445946 0.000000
vt 0.472973 1.000000
vt 0.472973 0.000000
vt 0.527027 1.000000
vt 0.527027 0.000000
vt 0.554054 1.000000
vt 0.554054 0.000000
vt 0.581081 1.000000
vt 0.581081 0.000000
vt 0.608108 1.000000
vt 0.608108 0.000000
vt 0.635135 1.000000
vt 0.635135 0.000000
vt 0.662162 1.000000
vt 0.662162 0.000000
vt 0.689189 1.000000
vt 0.689189 0.000000
vt 0.716216 1.000000
vt 0.716216 0.000000
vt 0.743243 1.000000
vt 0.743243 0.000000
vt 0.770270 1.000000
vt 0.770270 0.000000
vt 0.797297 1.000000
vt 0.797297 0.000000
vt 0.824324 1.000000
vt 0.824324 0.000000
vt 0.851351 1.000000
vt 0.851351 0.000000
vt 0.878378 1.000000
vt 0.878378 0.000000
vt 0.905405 1.000000
vt 0.905405 0.000000
vt 0.932432 1.000000
vt 0.932432 0.000000
vt 0.959459 1.000000
vt 0.959459 0.000000
vt 0.986486 1.000000
vt 0.986486 0.000000
vt 0.040000 1.000000
vt 0.080000 1.000000
vt 0.040000 0.000000
vt 0.120000 1.000000
vt 0.080000 0.000000
vt 0.160000 1.000000
vt 0.120000 0.000000
vt 0.160000 0.000000
vt 0.240000 1.000000
vt 0.280000 1.000000
vt 0.240000 0.000000
vt 0.320000 1.000000
vt 0.280000 0.000000
vt 0.360000 1.000000
vt 0.320000 0.000000
vt 0.360000 0.000000
vt 0.440000 1.000000
vt 0.480000 1.000000
vt 0.440000 0.000000
vt 0.520000 1.000000
vt 0.480000 0.000000
vt 0.560000 1.000000
vt 0.520000 0.000000
vt 0.560000 0.000000
vt 0.640000 1.000000
vt 0.680000 1.000000
vt 0.640000 0.000000
vt 0.720000 1.000000
vt 0.680000 0.000000
vt 0.760000 1.000000
vt 0.720000 0.000000
vt 0.760000 0.000000
vt 0.840000 1.000000
vt 0.880000 1.000000
vt 0.840000 0.000000
vt 0.920000 1.000000
vt 0.880000 0.000000
vt 0.960000 1.000000
vt 0.920000 0.000000
vt 0.960000 0.000000
s 0
usemtl マテリアル
f 35/1/1 37/2/1 36/3/1
f 35/1/1 38/4/1 37/2/1
f 34/5/1 38/4/1 35/1/1
f 34/5/1 39/6/1 38/4/1
f 33/7/1 39/6/1 34/5/1
f 33/7/1 40/8/1 39/6/1
f 32/9/1 40/8/1 33/7/1
f 32/9/1 41/10/1 40/8/1
f 31/11/1 41/10/1 32/9/1
f 31/11/1 42/12/1 41/10/1
f 30/13/1 42/12/1 31/11/1
f 30/13/1 43/14/1 42/12/1
f 29/15/1 86/16/1 30/13/1
f 86/16/1 43/14/1 30/13/1
f 29/15/1 87/17/1 86/16/1
f 85/18/1 43/14/1 86/16/1
f 29/15/1 88/19/1 87/17/1
f 84/20/1 43/14/1 85/18/1
f 29/15/1 89/21/1 88/19/1
f 83/22/1 43/14/1 84/20/1
f 83/22/1 44/23/1 43/14/1
f 29/15/1 90/24/1 89/21/1
f 28/25/1 90/24/1 29/15/1
f 82/26/1 44/23/1 83/22/1
f 28/25/1 91/27/1 90/24/1
f 81/28/1 44/23/1 82/26/1
f 28/25/1 92/29/1 91/27/1
f 80/30/1 44/23/1 81/28/1
f 28/25/1 93/31/1 92/29/1
f 79/32/1 44/23/1 80/30/1
f 27/33/1 93/31/1 28/25/1
f 79/32/1 45/34/1 44/23/1
f 27/33/1 94/35/1 93/31/1
f 78/36/1 45/34/1 79/32/1
f 27/33/1 95/37/1 94/35/1
f 77/38/1 45/34/1 78/36/1
f 26/39/1 95/37/1 27/33/1
f 77/38/1 46/40/1 45/34/1
f 26/39/1 96/41/1 95/37/1
f 76/42/1 46/40/1 77/38/1
f 26/39/1 97/43/1 96/41/1
f 75/44/1 46/40/1 76/42/1
f 25/45/1 97/43/1 26/39/1
f 25/45/1 98/46/1 97/43/1
f 75/44/1 47/47/1 46/40/1
f 99/48/1 47/47/1 75/44/1
f 25/45/1 99/48/1 98/46/1
f 25/45/1 47/47/1 99/48/1
f 24/49/1 47/47/1 25/45/1
f 24/49/1 48/50/1 47/47/1
f 23/51/1 49/52/1 24/49/1
f 49/52/1 48/50/1 24/49/1
f 23/51/1 50/53/1 49/52/1
f 22/54/1 50/53/1 23/51/1
f 22/54/1 51/55/1 50/53/1
f 22/54/1 52/56/1 51/55/1
f 21/57/1 52/56/1 22/54/1
f 21/57/1 53/58/1 52/56/1
f 20/59/1 53/58/1 21/57/1
f 20/59/1 54/60/1 53/58/1
f 72/61/1 74/62/1 73/63/1
f 20/59/1 55/64/1 54/60/1
f 71/65/1 74/62/1 72/61/1
f 70/66/1 74/62/1 71/65/1
f 19/67/1 55/64/1 20/59/1
f 19/67/1 56/68/1 55/64/1
f 69/69/1 74/62/1 70/66/1
f 68/70/1 74/62/1 69/69/1
f 19/67/1 57/71/1 56/68/1
f 67/72/1 74/62/1 68/70/1
f 19/67/1 58/73/1 57/71/1
f 66/74/1 74/62/1 67/72/1
f 18/75/1 58/73/1 19/67/1
f 65/76/1 74/62/1 66/74/1
f 18/75/1 59/77/1 58/73/1
f 64/78/1 74/62/1 65/76/1
f 18/75/1 60/79/1 59/77/1
f 63/80/1 74/62/1 64/78/1
f 62/81/1 74/62/1 63/80/1
f 18/75/1 61/82/1 60/79/1
f 61/82/1 74/62/1 62/81/1
f 18/75/1 74/62/1 61/82/1
f 17/83/1 74/62/1 18/75/1
f 17/83/1 1/84/1 74/62/1
f 16/85/1 1/84/1 17/83/1
f 16/85/1 2/86/1 1/84/1
f 16/85/1 3/87/1 2/86/1
f 15/88/1 3/87/1 16/85/1
f 15/88/1 4/89/1 3/87/1
f 15/88/1 5/90/1 4/89/1
f 14/91/1 5/90/1 15/88/1
f 14/91/1 6/92/1 5/90/1
f 14/91/1 7/93/1 6/92/1
f 13/94/1 7/93/1 14/91/1
f 13/94/1 8/95/1 7/93/1
f 13/94/1 9/96/1 8/95/1
f 13/94/1 10/97/1 9/96/1
f 12/98/1 10/97/1 13/94/1
f 12/98/1 11/99/1 10/97/1
f 111/100/1 113/101/1 112/102/1
f 135/103/1 137/104/1 136/105/1
f 110/106/1 113/101/1 111/100/1
f 110/106/1 114/107/1 113/101/1
f 134/108/1 137/104/1 135/103/1
f 134/108/1 138/109/1 137/104/1
f 109/110/1 114/107/1 110/106/1
f 109/110/1 115/111/1 114/107/1
f 133/112/1 138/109/1 134/108/1
f 108/113/1 115/111/1 109/110/1
f 108/113/1 116/114/1 115/111/1
f 133/112/1 139/115/1 138/109/1
f 132/116/1 139/115/1 133/112/1
f 107/117/1 116/114/1 108/113/1
f 204/118/1 206/48/1 205/119/1
f 204/118/1 100/84/1 206/48/1
f 107/117/1 117/120/1 116/114/1
f 131/121/1 139/115/1 132/116/1
f 106/122/1 117/120/1 107/117/1
f 131/121/1 140/123/1 139/115/1
f 106/122/1 118/124/1 117/120/1
f 105/125/1 118/124/1 106/122/1
f 130/126/1 140/123/1 131/121/1
f 105/125/1 119/127/1 118/124/1
f 130/126/1 141/128/1 140/123/1
f 104/129/1 119/127/1 105/125/1
f 129/130/1 141/128/1 130/126/1
f 104/129/1 120/131/1 119/127/1
f 103/132/1 120/131/1 104/129/1
f 128/133/1 141/128/1 129/130/1
f 128/133/1 142/134/1 141/128/1
f 103/132/1 121/135/1 120/131/1
f 102/136/1 121/135/1 103/132/1
f 127/137/1 142/134/1 128/133/1
f 102/136/1 122/138/1 121/135/1
f 101/139/1 122/138/1 102/136/1
f 127/137/1 143/140/1 142/134/1
f 126/141/1 143/140/1 127/137/1
f 101/139/1 123/142/1 122/138/1
f 100/84/1 123/142/1 101/139/1
f 125/143/1 143/140/1 126/141/1
f 125/143/1 163/144/1 143/140/1
f 163/144/1 144/145/1 143/140/1
f 204/118/1 202/146/1 100/84/1
f 202/146/1 201/147/1 100/84/1
f 201/147/1 200/148/1 100/84/1
f 200/148/1 199/149/1 100/84/1
f 199/149/1 198/150/1 100/84/1
f 198/150/1 197/151/1 100/84/1
f 197/151/1 196/152/1 100/84/1
f 196/152/1 195/153/1 100/84/1
f 195/153/1 194/154/1 100/84/1
f 194/154/1 193/155/1 100/84/1
f 193/155/1 192/156/1 100/84/1
f 192/156/1 191/157/1 100/84/1
f 191/157/1 123/142/1 100/84/1
f 191/157/1 190/158/1 123/142/1
f 190/158/1 124/159/1 123/142/1
f 124/159/1 164/160/1 125/143/1
f 164/160/1 163/144/1 125/143/1
f 189/161/1 124/159/1 190/158/1
f 162/162/1 144/145/1 163/144/1
f 124/159/1 165/163/1 164/160/1
f 188/164/1 124/159/1 189/161/1
f 161/165/1 144/145/1 162/162/1
f 124/159/1 166/166/1 165/163/1
f 187/167/1 124/159/1 188/164/1
f 160/168/1 144/145/1 161/165/1
f 124/159/1 167/169/1 166/166/1
f 186/170/1 124/159/1 187/167/1
f 186/170/1 167/169/1 124/159/1
f 159/171/1 144/145/1 160/168/1
f 186/170/1 168/172/1 167/169/1
f 159/171/1 145/173/1 144/145/1
f 185/174/1 168/172/1 186/170/1
f 185/174/1 169/175/1 168/172/1
f 158/176/1 145/173/1 159/171/1
f 185/174/1 170/177/1 169/175/1
f 184/178/1 170/177/1 185/174/1
f 157/179/1 145/173/1 158/176/1
f 184/178/1 171/180/1 170/177/1
f 183/181/1 171/180/1 184/178/1
f 156/182/1 145/173/1 157/179/1
f 183/181/1 172/183/1 171/180/1
f 156/182/1 146/184/1 145/173/1
f 182/185/1 172/183/1 183/181/1
f 182/185/1 173/186/1 172/183/1
f 155/187/1 146/184/1 156/182/1
f 182/185/1 174/188/1 173/186/1
f 181/189/1 174/188/1 182/185/1
f 154/190/1 146/184/1 155/187/1
f 181/189/1 175/191/1 174/188/1
f 154/190/1 147/192/1 146/184/1
f 180/193/1 175/191/1 181/189/1
f 204/118/1 203/194/1 202/146/1
f 180/193/1 176/195/1 175/191/1
f 153/53/1 147/192/1 154/190/1
f 179/196/1 176/195/1 180/193/1
f 152/197/1 147/192/1 153/53/1
f 152/197/1 148/198/1 147/192/1
f 178/199/1 176/195/1 179/196/1
f 151/200/1 148/198/1 152/197/1
f 151/200/1 149/201/1 148/198/1
f 177/202/1 176/195/1 178/199/1
f 150/203/1 149/201/1 151/200/1
f 304/204/1 306/205/1 305/206/1
f 303/207/1 306/205/1 304/204/1
f 303/207/1 307/208/1 306/205/1
f 302/209/1 307/208/1 303/207/1
f 301/210/1 307/208/1 302/209/1
f 301/210/1 308/211/1 307/208/1
f 300/212/1 308/211/1 301/210/1
f 300/212/1 309/213/1 308/211/1
f 299/214/1 309/213/1 300/212/1
f 298/215/1 309/213/1 299/214/1
f 298/215/1 310/216/1 309/213/1
f 297/217/1 310/216/1 298/215/1
f 297/217/1 311/218/1 310/216/1
f 296/219/1 311/218/1 297/217/1
f 295/220/1 311/218/1 296/219/1
f 295/220/1 312/221/1 311/218/1
f 294/222/1 312/221/1 295/220/1
f 294/222/1 313/223/1 312/221/1
f 293/224/1 313/223/1 294/222/1
f 292/225/1 291/226/1 293/224/1
f 291/226/1 290/227/1 293/224/1
f 290/227/1 289/228/1 293/224/1
f 289/228/1 288/229/1 293/224/1
f 288/229/1 287/230/1 293/224/1
f 287/230/1 286/231/1 293/224/1
f 286/231/1 285/232/1 293/224/1
f 285/232/1 284/233/1 293/224/1
f 284/233/1 283/234/1 293/224/1
f 283/234/1 282/235/1 293/224/1
f 282/235/1 313/223/1 293/224/1
f 282/235/1 281/236/1 313/223/1
f 281/236/1 280/237/1 313/223/1
f 280/237/1 314/238/1 313/223/1
f 280/237/1 279/239/1 314/238/1
f 279/239/1 315/240/1 314/238/1
f 278/241/1 315/240/1 279/239/1
f 277/242/1 315/240/1 278/241/1
f 276/243/1 315/240/1 277/242/1
f 275/244/1 315/240/1 276/243/1
f 274/245/1 315/240/1 275/244/1
f 274/245/1 316/246/1 315/240/1
f 273/247/1 316/246/1 274/245/1
f 272/248/1 316/246/1 273/247/1
f 271/249/1 316/246/1 272/248/1
f 271/249/1 317/250/1 316/246/1
f 270/251/1 317/250/1 271/249/1
f 269/252/1 317/250/1 270/251/1
f 269/252/1 318/253/1 317/250/1
f 268/254/1 318/253/1 269/252/1
f 267/255/1 318/253/1 268/254/1
f 266/256/1 380/48/1 267/255/1
f 380/48/1 318/253/1 267/255/1
f 265/257/1 380/48/1 266/256/1
f 264/258/1 380/48/1 265/257/1
f 263/259/1 380/48/1 264/258/1
f 262/260/1 380/48/1 263/259/1
f 262/260/1 344/261/1 380/48/1
f 379/262/1 318/253/1 380/48/1
f 262/260/1 345/263/1 344/261/1
f 261/264/1 345/263/1 262/260/1
f 261/264/1 346/265/1 345/263/1
f 260/266/1 346/265/1 261/264/1
f 260/266/1 347/267/1 346/265/1
f 259/268/1 347/267/1 260/266/1
f 259/268/1 348/269/1 347/267/1
f 259/268/1 349/270/1 348/269/1
f 258/271/1 349/270/1 259/268/1
f 258/271/1 350/272/1 349/270/1
f 257/273/1 350/272/1 258/271/1
f 257/273/1 351/274/1 350/272/1
f 257/273/1 352/275/1 351/274/1
f 256/276/1 352/275/1 257/273/1
f 256/276/1 353/277/1 352/275/1
f 256/276/1 354/278/1 353/277/1
f 255/279/1 354/278/1 256/276/1
f 255/279/1 355/280/1 354/278/1
f 254/281/1 355/280/1 255/279/1
f 254/281/1 356/282/1 355/280/1
f 254/281/1 357/283/1 356/282/1
f 253/284/1 357/283/1 254/281/1
f 253/284/1 358/285/1 357/283/1
f 253/284/1 359/286/1 358/285/1
f 378/287/1 318/253/1 379/262/1
f 252/288/1 359/286/1 253/284/1
f 377/289/1 318/253/1 378/287/1
f 252/288/1 360/290/1 359/286/1
f 376/291/1 318/253/1 377/289/1
f 341/292/1 343/293/1 342/294/1
f 376/291/1 319/295/1 318/253/1
f 252/288/1 361/296/1 360/290/1
f 340/297/1 343/293/1 341/292/1
f 375/298/1 319/295/1 376/291/1
f 375/298/1 320/299/1 319/295/1
f 339/300/1 343/293/1 340/297/1
f 251/301/1 361/296/1 252/288/1
f 251/301/1 362/302/1 361/296/1
f 375/298/1 321/303/1 320/299/1
f 374/304/1 321/303/1 375/298/1
f 338/305/1 343/293/1 339/300/1
f 374/304/1 322/306/1 321/303/1
f 373/307/1 322/306/1 374/304/1
f 337/308/1 343/293/1 338/305/1
f 251/301/1 363/309/1 362/302/1
f 373/307/1 323/310/1 322/306/1
f 336/311/1 343/293/1 337/308/1
f 372/312/1 323/310/1 373/307/1
f 372/312/1 324/313/1 323/310/1
f 335/314/1 343/293/1 336/311/1
f 251/301/1 364/315/1 363/309/1
f 372/312/1 325/316/1 324/313/1
f 371/317/1 325/316/1 372/312/1
f 334/318/1 343/293/1 335/314/1
f 371/317/1 326/319/1 325/316/1
f 250/320/1 364/315/1 251/301/1
f 333/321/1 343/293/1 334/318/1
f 250/320/1 365/322/1 364/315/1
f 370/323/1 326/319/1 371/317/1
f 370/323/1 327/324/1 326/319/1
f 332/325/1 343/293/1 333/321/1
f 370/323/1 328/326/1 327/324/1
f 331/327/1 343/293/1 332/325/1
f 369/328/1 328/326/1 370/323/1
f 369/328/1 329/329/1 328/326/1
f 330/330/1 343/293/1 331/327/1
f 369/328/1 330/330/1 329/329/1
f 250/320/1 366/331/1 365/322/1
f 369/328/1 343/293/1 330/330/1
f 368/332/1 343/293/1 369/328/1
f 250/320/1 367/333/1 366/331/1
f 367/333/1 343/293/1 368/332/1
f 250/320/1 230/334/1 367/333/1
f 230/334/1 343/293/1 367/333/1
f 249/335/1 230/334/1 250/320/1
f 249/335/1 231/336/1 230/334/1
f 229/337/1 343/293/1 230/334/1
f 248/338/1 231/336/1 249/335/1
f 248/338/1 232/339/1 231/336/1
f 228/340/1 343/293/1 229/337/1
f 228/340/1 207/84/1 343/293/1
f 247/341/1 232/339/1 248/338/1
f 247/341/1 233/342/1 232/339/1
f 227/343/1 207/84/1 228/340/1
f 227/343/1 208/344/1 207/84/1
f 247/341/1 234/345/1 233/342/1
f 226/346/1 208/344/1 227/343/1
f 246/347/1 234/345/1 247/341/1
f 226/346/1 209/348/1 208/344/1
f 246/347/1 235/349/1 234/345/1
f 225/350/1 209/348/1 226/346/1
f 225/350/1 210/351/1 209/348/1
f 245/352/1 235/349/1 246/347/1
f 245/352/1 236/353/1 235/349/1
f 224/354/1 210/351/1 225/350/1
f 224/354/1 211/355/1 210/351/1
f 245/352/1 237/356/1 236/353/1
f 223/357/1 211/355/1 224/354/1
f 223/357/1 212/358/1 211/355/1
f 244/359/1 237/356/1 245/352/1
f 244/359/1 238/360/1 237/356/1
f 222/361/1 212/358/1 223/357/1
f 222/361/1 213/362/1 212/358/1
f 244/359/1 239/363/1 238/360/1
f 222/361/1 214/364/1 213/362/1
f 221/365/1 214/364/1 222/361/1
f 243/366/1 239/363/1 244/359/1
f 221/365/1 215/367/1 214/364/1
f 243/366/1 240/368/1 239/363/1
f 220/369/1 215/367/1 221/365/1
f 220/369/1 216/370/1 215/367/1
f 243/366/1 241/371/1 240/368/1
f 219/372/1 216/370/1 220/369/1
f 242/373/1 241/371/1 243/366/1
f 219/372/1 217/374/1 216/370/1
f 218/375/1 217/374/1 219/372/1
f 537/376/1 539/377/1 538/378/1
f 537/376/1 540/379/1 539/377/1
f 536/380/1 540/379/1 537/376/1
f 535/381/1 540/379/1 536/380/1
f 534/382/1 540/379/1 535/381/1
f 533/383/1 540/379/1 534/382/1
f 532/384/1 540/379/1 533/383/1
f 531/385/1 540/379/1 532/384/1
f 530/386/1 381/84/1 531/385/1
f 381/84/1 540/379/1 531/385/1
f 530/386/1 382/387/1 381/84/1
f 529/388/1 541/389/1 530/386/1
f 541/389/1 588/390/1 530/386/1
f 588/390/1 382/387/1 530/386/1
f 587/391/1 382/387/1 588/390/1
f 587/391/1 383/392/1 382/387/1
f 586/393/1 383/392/1 587/391/1
f 529/388/1 542/394/1 541/389/1
f 585/395/1 383/392/1 586/393/1
f 529/388/1 543/396/1 542/394/1
f 584/397/1 383/392/1 585/395/1
f 529/388/1 544/398/1 543/396/1
f 584/397/1 384/399/1 383/392/1
f 583/400/1 384/399/1 584/397/1
f 529/388/1 545/401/1 544/398/1
f 528/402/1 545/401/1 529/388/1
f 582/403/1 384/399/1 583/400/1
f 582/403/1 385/404/1 384/399/1
f 528/402/1 546/405/1 545/401/1
f 581/406/1 385/404/1 582/403/1
f 528/402/1 547/407/1 546/405/1
f 581/406/1 386/408/1 385/404/1
f 580/409/1 386/408/1 581/406/1
f 528/402/1 548/410/1 547/407/1
f 580/409/1 387/411/1 386/408/1
f 527/412/1 548/410/1 528/402/1
f 579/413/1 387/411/1 580/409/1
f 579/413/1 388/414/1 387/411/1
f 527/412/1 549/415/1 548/410/1
f 579/413/1 389/416/1 388/414/1
f 578/417/1 389/416/1 579/413/1
f 527/412/1 550/418/1 549/415/1
f 526/419/1 550/418/1 527/412/1
f 578/417/1 390/420/1 389/416/1
f 577/421/1 390/420/1 578/417/1
f 526/419/1 551/422/1 550/418/1
f 577/421/1 391/423/1 390/420/1
f 576/424/1 391/423/1 577/421/1
f 526/419/1 552/425/1 551/422/1
f 576/424/1 392/426/1 391/423/1
f 525/427/1 552/425/1 526/419/1
f 575/428/1 392/426/1 576/424/1
f 575/428/1 393/429/1 392/426/1
f 525/427/1 553/430/1 552/425/1
f 524/431/1 553/430/1 525/427/1
f 575/428/1 394/432/1 393/429/1
f 574/433/1 394/432/1 575/428/1
f 524/431/1 554/434/1 553/430/1
f 523/435/1 554/434/1 524/431/1
f 574/433/1 395/436/1 394/432/1
f 522/437/1 554/434/1 523/435/1
f 573/438/1 395/436/1 574/433/1
f 522/437/1 555/439/1 554/434/1
f 573/438/1 396/440/1 395/436/1
f 521/441/1 555/439/1 522/437/1
f 572/442/1 396/440/1 573/438/1
f 521/441/1 556/443/1 555/439/1
f 520/444/1 556/443/1 521/441/1
f 572/442/1 397/445/1 396/440/1
f 571/446/1 397/445/1 572/442/1
f 519/447/1 556/443/1 520/444/1
f 519/447/1 557/448/1 556/443/1
f 571/446/1 398/449/1 397/445/1
f 518/450/1 557/448/1 519/447/1
f 570/451/1 398/449/1 571/446/1
f 518/450/1 558/452/1 557/448/1
f 517/453/1 558/452/1 518/450/1
f 570/451/1 399/454/1 398/449/1
f 569/455/1 399/454/1 570/451/1
f 517/453/1 559/456/1 558/452/1
f 516/457/1 559/456/1 517/453/1
f 568/458/1 399/454/1 569/455/1
f 568/458/1 400/459/1 399/454/1
f 516/457/1 560/460/1 559/456/1
f 515/461/1 560/460/1 516/457/1
f 567/462/1 400/459/1 568/458/1
f 515/461/1 561/463/1 560/460/1
f 567/462/1 401/464/1 400/459/1
f 514/465/1 561/463/1 515/461/1
f 566/466/1 401/464/1 567/462/1
f 514/465/1 562/467/1 561/463/1
f 565/468/1 401/464/1 566/466/1
f 514/465/1 563/469/1 562/467/1
f 513/470/1 563/469/1 514/465/1
f 564/471/1 401/464/1 565/468/1
f 513/470/1 564/471/1 563/469/1
f 513/470/1 401/464/1 564/471/1
f 513/470/1 402/472/1 401/464/1
f 512/473/1 402/472/1 513/470/1
f 512/473/1 403/474/1 402/472/1
f 511/475/1 403/474/1 512/473/1
f 511/475/1 404/476/1 403/474/1
f 510/477/1 404/476/1 511/475/1
f 509/478/1 404/476/1 510/477/1
f 509/478/1 405/479/1 404/476/1
f 508/480/1 405/479/1 509/478/1
f 508/480/1 406/481/1 405/479/1
f 507/482/1 406/481/1 508/480/1
f 506/483/1 406/481/1 507/482/1
f 505/484/1 406/481/1 506/483/1
f 505/484/1 407/485/1 406/481/1
f 504/486/1 407/485/1 505/484/1
f 503/487/1 407/485/1 504/486/1
f 502/488/1 407/485/1 503/487/1
f 502/488/1 408/489/1 407/485/1
f 501/490/1 408/489/1 502/488/1
f 500/491/1 408/489/1 501/490/1
f 499/492/1 408/489/1 500/491/1
f 499/492/1 409/493/1 408/489/1
f 498/494/1 409/493/1 499/492/1
f 498/494/1 410/495/1 409/493/1
f 497/496/1 410/495/1 498/494/1
f 497/496/1 411/497/1 410/495/1
f 496/498/1 411/497/1 497/496/1
f 496/498/1 412/499/1 411/497/1
f 495/500/1 412/499/1 496/498/1
f 495/500/1 413/501/1 412/499/1
f 495/500/1 414/502/1 413/501/1
f 494/503/1 414/502/1 495/500/1
f 494/503/1 415/504/1 414/502/1
f 493/505/1 415/504/1 494/503/1
f 493/505/1 416/506/1 415/504/1
f 492/507/1 416/506/1 493/505/1
f 491/508/1 416/506/1 492/507/1
f 491/508/1 417/509/1 416/506/1
f 490/510/1 417/509/1 491/508/1
f 490/510/1 418/511/1 417/509/1
f 489/512/1 418/511/1 490/510/1
f 489/512/1 419/513/1 418/511/1
f 488/514/1 419/513/1 489/512/1
f 488/514/1 420/515/1 419/513/1
f 487/516/1 420/515/1 488/514/1
f 487/516/1 421/517/1 420/515/1
f 486/518/1 421/517/1 487/516/1
f 486/518/1 422/519/1 421/517/1
f 485/520/1 422/519/1 486/518/1
f 485/520/1 423/521/1 422/519/1
f 484/522/1 423/521/1 485/520/1
f 484/522/1 424/523/1 423/521/1
f 483/524/1 424/523/1 484/522/1
f 483/524/1 425/525/1 424/523/1
f 482/526/1 425/525/1 483/524/1
f 482/526/1 426/527/1 425/525/1
f 481/528/1 426/527/1 482/526/1
f 481/528/1 427/529/1 426/527/1
f 480/530/1 427/529/1 481/528/1
f 480/530/1 428/531/1 427/529/1
f 479/532/1 428/531/1 480/530/1
f 479/532/1 429/533/1 428/531/1
f 478/534/1 429/533/1 479/532/1
f 478/534/1 430/535/1 429/533/1
f 477/536/1 430/535/1 478/534/1
f 477/536/1 431/537/1 430/535/1
f 476/538/1 431/537/1 477/536/1
f 476/538/1 432/539/1 431/537/1
f 475/540/1 432/539/1 476/538/1
f 474/541/1 432/539/1 475/540/1
f 474/541/1 433/542/1 432/539/1
f 473/543/1 433/542/1 474/541/1
f 473/543/1 434/544/1 433/542/1
f 472/545/1 434/544/1 473/543/1
f 472/545/1 435/546/1 434/544/1
f 471/547/1 435/546/1 472/545/1
f 471/547/1 436/548/1 435/546/1
f 470/549/1 636/48/1 471/547/1
f 636/48/1 436/548/1 471/547/1
f 636/48/1 635/550/1 436/548/1
f 635/550/1 437/551/1 436/548/1
f 470/549/1 589/552/1 636/48/1
f 634/553/1 437/551/1 635/550/1
f 470/549/1 590/554/1 589/552/1
f 633/555/1 437/551/1 634/553/1
f 470/549/1 591/556/1 590/554/1
f 469/557/1 591/556/1 470/549/1
f 632/558/1 437/551/1 633/555/1
f 469/557/1 592/559/1 591/556/1
f 631/560/1 437/551/1 632/558/1
f 469/557/1 593/561/1 592/559/1
f 630/562/1 437/551/1 631/560/1
f 630/562/1 438/563/1 437/551/1
f 469/557/1 594/564/1 593/561/1
f 629/565/1 438/563/1 630/562/1
f 468/566/1 594/564/1 469/557/1
f 468/566/1 595/567/1 594/564/1
f 628/568/1 438/563/1 629/565/1
f 628/568/1 439/569/1 438/563/1
f 468/566/1 596/570/1 595/567/1
f 467/571/1 596/570/1 468/566/1
f 627/572/1 439/569/1 628/568/1
f 467/571/1 597/573/1 596/570/1
f 626/574/1 439/569/1 627/572/1
f 626/574/1 440/575/1 439/569/1
f 467/571/1 598/576/1 597/573/1
f 466/577/1 598/576/1 467/571/1
f 625/578/1 440/575/1 626/574/1
f 466/577/1 599/579/1 598/576/1
f 625/578/1 441/580/1 440/575/1
f 465/581/1 599/579/1 466/577/1
f 465/581/1 600/582/1 599/579/1
f 624/583/1 441/580/1 625/578/1
f 624/583/1 442/584/1 441/580/1
f 465/581/1 601/585/1 600/582/1
f 464/586/1 601/585/1 465/581/1
f 623/587/1 442/584/1 624/583/1
f 464/586/1 602/588/1 601/585/1
f 622/589/1 442/584/1 623/587/1
f 622/589/1 443/590/1 442/584/1
f 464/586/1 603/591/1 602/588/1
f 621/592/1 443/590/1 622/589/1
f 463/593/1 603/591/1 464/586/1
f 463/593/1 604/594/1 603/591/1
f 620/595/1 443/590/1 621/592/1
f 463/593/1 605/596/1 604/594/1
f 620/595/1 444/597/1 443/590/1
f 619/598/1 444/597/1 620/595/1
f 462/599/1 605/596/1 463/593/1
f 462/599/1 606/600/1 605/596/1
f 618/601/1 444/597/1 619/598/1
f 462/599/1 607/602/1 606/600/1
f 617/603/1 444/597/1 618/601/1
f 462/599/1 608/604/1 607/602/1
f 617/603/1 445/605/1 444/597/1
f 616/606/1 445/605/1 617/603/1
f 461/607/1 608/604/1 462/599/1
f 461/607/1 609/608/1 608/604/1
f 615/609/1 445/605/1 616/606/1
f 461/607/1 610/610/1 609/608/1
f 614/611/1 445/605/1 615/609/1
f 461/607/1 611/612/1 610/610/1
f 613/613/1 445/605/1 614/611/1
f 461/607/1 612/614/1 611/612/1
f 612/614/1 445/605/1 613/613/1
f 461/607/1 445/605/1 612/614/1
f 461/607/1 446/615/1 445/605/1
f 460/616/1 446/615/1 461/607/1
f 460/616/1 447/617/1 446/615/1
f 459/618/1 447/617/1 460/616/1
f 458/619/1 447/617/1 459/618/1
f 458/619/1 448/620/1 447/617/1
f 457/621/1 448/620/1 458/619/1
f 457/621/1 449/622/1 448/620/1
f 456/623/1 449/622/1 457/621/1
f 456/623/1 450/624/1 449/622/1
f 455/625/1 450/624/1 456/623/1
f 455/625/1 451/626/1 450/624/1
f 454/627/1 451/626/1 455/625/1
f 454/627/1 452/628/1 451/626/1
f 453/629/1 452/628/1 454/627/1
f 671/1/2 672/3/2 673/2/2
f 671/1/2 673/2/2 674/4/2
f 670/5/2 671/1/2 674/4/2
f 670/5/2 674/4/2 675/6/2
f 669/7/2 670/5/2 675/6/2
f 669/7/2 675/6/2 676/8/2
f 668/9/2 669/7/2 676/8/2
f 668/9/2 676/8/2 677/10/2
f 667/11/2 668/9/2 677/10/2
f 667/11/2 677/10/2 678/12/2
f 666/13/2 667/11/2 678/12/2
f 666/13/2 678/12/2 679/14/2
f 665/15/2 666/13/2 722/16/2
f 722/16/2 666/13/2 679/14/2
f 665/15/2 722/16/2 723/17/2
f 721/18/2 722/16/2 679/14/2
f 665/15/2 723/17/2 724/19/2
f 720/20/2 721/18/2 679/14/2
f 665/15/2 724/19/2 725/21/2
f 719/22/2 720/20/2 679/14/2
f 719/22/2 679/14/2 680/23/2
f 665/15/2 725/21/2 726/24/2
f 664/25/2 665/15/2 726/24/2
f 718/26/2 719/22/2 680/23/2
f 664/25/2 726/24/2 727/27/2
f 717/28/2 718/26/2 680/23/2
f 664/25/2 727/27/2 728/29/2
f 716/30/2 717/28/2 680/23/2
f 664/25/2 728/29/2 729/31/2
f 715/32/2 716/30/2 680/23/2
f 663/33/2 664/25/2 729/31/2
f 715/32/2 680/23/2 681/34/2
f 663/33/2 729/31/2 730/35/2
f 714/36/2 715/32/2 681/34/2
f 663/33/2 730/35/2 731/37/2
f 713/38/2 714/36/2 681/34/2
f 662/39/2 663/33/2 731/37/2
f 713/38/2 681/34/2 682/40/2
f 662/39/2 731/37/2 732/41/2
f 712/42/2 713/38/2 682/40/2
f 662/39/2 732/41/2 733/43/2
f 711/44/2 712/42/2 682/40/2
f 661/45/2 662/39/2 733/43/2
f 661/45/2 733/43/2 734/46/2
f 711/44/2 682/40/2 683/47/2
f 735/48/2 711/44/2 683/47/2
f 661/45/2 734/46/2 735/48/2
f 661/45/2 735/48/2 683/47/2
f 660/49/2 661/45/2 683/47/2
f 660/49/2 683/47/2 684/50/2
f 659/51/2 660/49/2 685/52/2
f 685/52/2 660/49/2 684/50/2
f 659/51/2 685/52/2 686/53/2
f 658/54/2 659/51/2 686/53/2
f 658/54/2 686/53/2 687/55/2
f 658/54/2 687/55/2 688/56/2
f 657/57/2 658/54/2 688/56/2
f 657/57/2 688/56/2 689/58/2
f 656/59/2 657/57/2 689/58/2
f 656/59/2 689/58/2 690/60/2
f 708/61/2 709/63/2 710/62/2
f 656/59/2 690/60/2 691/64/2
f 707/65/2 708/61/2 710/62/2
f 706/66/2 707/65/2 710/62/2
f 655/67/2 656/59/2 691/64/2
f 655/67/2 691/64/2 692/68/2
f 705/69/2 706/66/2 710/62/2
f 704/70/2 705/69/2 710/62/2
f 655/67/2 692/68/2 693/71/2
f 703/72/2 704/70/2 710/62/2
f 655/67/2 693/71/2 694/73/2
f 702/74/2 703/72/2 710/62/2
f 654/75/2 655/67/2 694/73/2
f 701/76/2 702/74/2 710/62/2
f 654/75/2 694/73/2 695/77/2
f 700/78/2 701/76/2 710/62/2
f 654/75/2 695/77/2 696/79/2
f 699/80/2 700/78/2 710/62/2
f 698/81/2 699/80/2 710/62/2
f 654/75/2 696/79/2 697/82/2
f 697/82/2 698/81/2 710/62/2
f 654/75/2 697/82/2 710/62/2
f 653/83/2 654/75/2 710/62/2
f 653/83/2 710/62/2 637/84/2
f 652/85/2 653/83/2 637/84/2
f 652/85/2 637/84/2 638/86/2
f 652/85/2 638/86/2 639/87/2
f 651/88/2 652/85/2 639/87/2
f 651/88/2 639/87/2 640/89/2
f 651/88/2 640/89/2 641/90/2
f 650/91/2 651/88/2 641/90/2
f 650/91/2 641/90/2 642/92/2
f 650/91/2 642/92/2 643/93/2
f 649/94/2 650/91/2 643/93/2
f 649/94/2 643/93/2 644/95/2
f 649/94/2 644/95/2 645/96/2
f 649/94/2 645/96/2 646/97/2
f 648/98/2 649/94/2 646/97/2
f 648/98/2 646/97/2 647/99/2
f 747/100/2 748/102/2 749/101/2
f 771/103/2 772/105/2 773/104/2
f 746/106/2 747/100/2 749/101/2
f 746/106/2 749/101/2 750/107/2
f 770/108/2 771/103/2 773/104/2
f 770/108/2 773/104/2 774/109/2
f 745/110/2 746/106/2 750/107/2
f 745/110/2 750/107/2 751/111/2
f 769/112/2 770/108/2 774/109/2
f 744/113/2 745/110/2 751/111/2
f 744/113/2 751/111/2 752/114/2
f 769/112/2 774/109/2 775/115/2
f 768/116/2 769/112/2 775/115/2
f 743/117/2 744/113/2 752/114/2
f 840/118/2 841/119/2 842/48/2
f 840/118/2 842/48/2 736/84/2
f 743/117/2 752/114/2 753/120/2
f 767/121/2 768/116/2 775/115/2
f 742/122/2 743/117/2 753/120/2
f 767/121/2 775/115/2 776/123/2
f 742/122/2 753/120/2 754/124/2
f 741/125/2 742/122/2 754/124/2
f 766/126/2 767/121/2 776/123/2
f 741/125/2 754/124/2 755/127/2
f 766/126/2 776/123/2 777/128/2
f 740/129/2 741/125/2 755/127/2
f 765/130/2 766/126/2 777/128/2
f 740/129/2 755/127/2 756/131/2
f 739/132/2 740/129/2 756/131/2
f 764/133/2 765/130/2 777/128/2
f 764/133/2 777/128/2 778/134/2
f 739/132/2 756/131/2 757/135/2
f 738/136/2 739/132/2 757/135/2
f 763/137/2 764/133/2 778/134/2
f 738/136/2 757/135/2 758/138/2
f 737/139/2 738/136/2 758/138/2
f 763/137/2 778/134/2 779/140/2
f 762/141/2 763/137/2 779/140/2
f 737/139/2 758/138/2 759/142/2
f 736/84/2 737/139/2 759/142/2
f 761/143/2 762/141/2 779/140/2
f 761/143/2 779/140/2 799/144/2
f 799/144/2 779/140/2 780/145/2
f 840/118/2 736/84/2 838/146/2
f 838/146/2 736/84/2 837/147/2
f 837/147/2 736/84/2 836/148/2
f 836/148/2 736/84/2 835/149/2
f 835/149/2 736/84/2 834/150/2
f 834/150/2 736/84/2 833/151/2
f 833/151/2 736/84/2 832/152/2
f 832/152/2 736/84/2 831/153/2
f 831/153/2 736/84/2 830/154/2
f 830/154/2 736/84/2 829/155/2
f 829/155/2 736/84/2 828/156/2
f 828/156/2 736/84/2 827/157/2
f 827/157/2 736/84/2 759/142/2
f 827/157/2 759/142/2 826/158/2
f 826/158/2 759/142/2 760/159/2
f 760/159/2 761/143/2 800/160/2
f 800/160/2 761/143/2 799/144/2
f 825/161/2 826/158/2 760/159/2
f 798/162/2 799/144/2 780/145/2
f 760/159/2 800/160/2 801/163/2
f 824/164/2 825/161/2 760/159/2
f 797/165/2 798/162/2 780/145/2
f 760/159/2 801/163/2 802/166/2
f 823/167/2 824/164/2 760/159/2
f 796/168/2 797/165/2 780/145/2
f 760/159/2 802/166/2 803/169/2
f 822/170/2 823/167/2 760/159/2
f 822/170/2 760/159/2 803/169/2
f 795/171/2 796/168/2 780/145/2
f 822/170/2 803/169/2 804/172/2
f 795/171/2 780/145/2 781/173/2
f 821/174/2 822/170/2 804/172/2
f 821/174/2 804/172/2 805/175/2
f 794/176/2 795/171/2 781/173/2
f 821/174/2 805/175/2 806/177/2
f 820/178/2 821/174/2 806/177/2
f 793/179/2 794/176/2 781/173/2
f 820/178/2 806/177/2 807/180/2
f 819/181/2 820/178/2 807/180/2
f 792/182/2 793/179/2 781/173/2
f 819/181/2 807/180/2 808/183/2
f 792/182/2 781/173/2 782/184/2
f 818/185/2 819/181/2 808/183/2
f 818/185/2 808/183/2 809/186/2
f 791/187/2 792/182/2 782/184/2
f 818/185/2 809/186/2 810/188/2
f 817/189/2 818/185/2 810/188/2
f 790/190/2 791/187/2 782/184/2
f 817/189/2 810/188/2 811/191/2
f 790/190/2 782/184/2 783/192/2
f 816/193/2 817/189/2 811/191/2
f 840/118/2 838/146/2 839/194/2
f 816/193/2 811/191/2 812/195/2
f 789/53/2 790/190/2 783/192/2
f 815/196/2 816/193/2 812/195/2
f 788/197/2 789/53/2 783/192/2
f 788/197/2 783/192/2 784/198/2
f 814/199/2 815/196/2 812/195/2
f 787/200/2 788/197/2 784/198/2
f 787/200/2 784/198/2 785/201/2
f 813/202/2 814/199/2 812/195/2
f 786/203/2 787/200/2 785/201/2
f 940/204/2 941/206/2 942/205/2
f 939/207/2 940/204/2 942/205/2
f 939/207/2 942/205/2 943/208/2
f 938/209/2 939/207/2 943/208/2
f 937/210/2 938/209/2 943/208/2
f 937/210/2 943/208/2 944/211/2
f 936/212/2 937/210/2 944/211/2
f 936/212/2 944/211/2 945/213/2
f 935/214/2 936/212/2 945/213/2
f 934/215/2 935/214/2 945/213/2
f 934/215/2 945/213/2 946/216/2
f 933/217/2 934/215/2 946/216/2
f 933/217/2 946/216/2 947/218/2
f 932/219/2 933/217/2 947/218/2
f 931/220/2 932/219/2 947/218/2
f 931/220/2 947/218/2 948/221/2
f 930/222/2 931/220/2 948/221/2
f 930/222/2 948/221/2 949/223/2
f 929/224/2 930/222/2 949/223/2
f 928/225/2 929/224/2 927/226/2
f 927/226/2 929/224/2 926/227/2
f 926/227/2 929/224/2 925/228/2
f 925/228/2 929/224/2 924/229/2
f 924/229/2 929/224/2 923/230/2
f 923/230/2 929/224/2 922/231/2
f 922/231/2 929/224/2 921/232/2
f 921/232/2 929/224/2 920/233/2
f 920/233/2 929/224/2 919/234/2
f 919/234/2 929/224/2 918/235/2
f 918/235/2 929/224/2 949/223/2
f 918/235/2 949/223/2 917/236/2
f 917/236/2 949/223/2 916/237/2
f 916/237/2 949/223/2 950/238/2
f 916/237/2 950/238/2 915/239/2
f 915/239/2 950/238/2 951/240/2
f 914/241/2 915/239/2 951/240/2
f 913/242/2 914/241/2 951/240/2
f 912/243/2 913/242/2 951/240/2
f 911/244/2 912/243/2 951/240/2
f 910/245/2 911/244/2 951/240/2
f 910/245/2 951/240/2 952/246/2
f 909/247/2 910/245/2 952/246/2
f 908/248/2 909/247/2 952/246/2
f 907/249/2 908/248/2 952/246/2
f 907/249/2 952/246/2 953/250/2
f 906/251/2 907/249/2 953/250/2
f 905/252/2 906/251/2 953/250/2
f 905/252/2 953/250/2 954/253/2
f 904/254/2 905/252/2 954/253/2
f 903/255/2 904/254/2 954/253/2
f 902/256/2 903/255/2 1016/48/2
f 1016/48/2 903/255/2 954/253/2
f 901/257/2 902/256/2 1016/48/2
f 900/258/2 901/257/2 1016/48/2
f 899/259/2 900/258/2 1016/48/2
f 898/260/2 899/259/2 1016/48/2
f 898/260/2 1016/48/2 980/261/2
f 1015/262/2 1016/48/2 954/253/2
f 898/260/2 980/261/2 981/263/2
f 897/264/2 898/260/2 981/263/2
f 897/264/2 981/263/2 982/265/2
f 896/266/2 897/264/2 982/265/2
f 896/266/2 982/265/2 983/267/2
f 895/268/2 896/266/2 983/267/2
f 895/268/2 983/267/2 984/269/2
f 895/268/2 984/269/2 985/270/2
f 894/271/2 895/268/2 985/270/2
f 894/271/2 985/270/2 986/272/2
f 893/273/2 894/271/2 986/272/2
f 893/273/2 986/272/2 987/274/2
f 893/273/2 987/274/2 988/275/2
f 892/276/2 893/273/2 988/275/2
f 892/276/2 988/275/2 989/277/2
f 892/276/2 989/277/2 990/278/2
f 891/279/2 892/276/2 990/278/2
f 891/279/2 990/278/2 991/280/2
f 890/281/2 891/279/2 991/280/2
f 890/281/2 991/280/2 992/282/2
f 890/281/2 992/282/2 993/283/2
f 889/284/2 890/281/2 993/283/2
f 889/284/2 993/283/2 994/285/2
f 889/284/2 994/285/2 995/286/2
f 1014/287/2 1015/262/2 954/253/2
f 888/288/2 889/284/2 995/286/2
f 1013/289/2 1014/287/2 954/253/2
f 888/288/2 995/286/2 996/290/2
f 1012/291/2 1013/289/2 954/253/2
f 977/292/2 978/294/2 979/293/2
f 1012/291/2 954/253/2 955/295/2
f 888/288/2 996/290/2 997/296/2
f 976/297/2 977/292/2 979/293/2
f 1011/298/2 1012/291/2 955/295/2
f 1011/298/2 955/295/2 956/299/2
f 975/300/2 976/297/2 979/293/2
f 887/301/2 888/288/2 997/296/2
f 887/301/2 997/296/2 998/302/2
f 1011/298/2 956/299/2 957/303/2
f 1010/304/2 1011/298/2 957/303/2
f 974/305/2 975/300/2 979/293/2
f 1010/304/2 957/303/2 958/306/2
f 1009/307/2 1010/304/2 958/306/2
f 973/308/2 974/305/2 979/293/2
f 887/301/2 998/302/2 999/309/2
f 1009/307/2 958/306/2 959/310/2
f 972/311/2 973/308/2 979/293/2
f 1008/312/2 1009/307/2 959/310/2
f 1008/312/2 959/310/2 960/313/2
f 971/314/2 972/311/2 979/293/2
f 887/301/2 999/309/2 1000/315/2
f 1008/312/2 960/313/2 961/316/2
f 1007/317/2 1008/312/2 961/316/2
f 970/318/2 971/314/2 979/293/2
f 1007/317/2 961/316/2 962/319/2
f 886/320/2 887/301/2 1000/315/2
f 969/321/2 970/318/2 979/293/2
f 886/320/2 1000/315/2 1001/322/2
f 1006/323/2 1007/317/2 962/319/2
f 1006/323/2 962/319/2 963/324/2
f 968/325/2 969/321/2 979/293/2
f 1006/323/2 963/324/2 964/326/2
f 967/327/2 968/325/2 979/293/2
f 1005/328/2 1006/323/2 964/326/2
f 1005/328/2 964/326/2 965/329/2
f 966/330/2 967/327/2 979/293/2
f 1005/328/2 965/329/2 966/330/2
f 886/320/2 1001/322/2 1002/331/2
f 1005/328/2 966/330/2 979/293/2
f 1004/332/2 1005/328/2 979/293/2
f 886/320/2 1002/331/2 1003/333/2
f 1003/333/2 1004/332/2 979/293/2
f 886/320/2 1003/333/2 866/334/2
f 866/334/2 1003/333/2 979/293/2
f 885/335/2 886/320/2 866/334/2
f 885/335/2 866/334/2 867/336/2
f 865/337/2 866/334/2 979/293/2
f 884/338/2 885/335/2 867/336/2
f 884/338/2 867/336/2 868/339/2
f 864/340/2 865/337/2 979/293/2
f 864/340/2 979/293/2 843/84/2
f 883/341/2 884/338/2 868/339/2
f 883/341/2 868/339/2 869/342/2
f 863/343/2 864/340/2 843/84/2
f 863/343/2 843/84/2 844/344/2
f 883/341/2 869/342/2 870/345/2
f 862/346/2 863/343/2 844/344/2
f 882/347/2 883/341/2 870/345/2
f 862/346/2 844/344/2 845/348/2
f 882/347/2 870/345/2 871/349/2
f 861/350/2 862/346/2 845/348/2
f 861/350/2 845/348/2 846/351/2
f 881/352/2 882/347/2 871/349/2
f 881/352/2 871/349/2 872/353/2
f 860/354/2 861/350/2 846/351/2
f 860/354/2 846/351/2 847/355/2
f 881/352/2 872/353/2 873/356/2
f 859/357/2 860/354/2 847/355/2
f 859/357/2 847/355/2 848/358/2
f 880/359/2 881/352/2 873/356/2
f 880/359/2 873/356/2 874/360/2
f 858/361/2 859/357/2 848/358/2
f 858/361/2 848/358/2 849/362/2
f 880/359/2 874/360/2 875/363/2
f 858/361/2 849/362/2 850/364/2
f 857/365/2 858/361/2 850/364/2
f 879/366/2 880/359/2 875/363/2
f 857/365/2 850/364/2 851/367/2
f 879/366/2 875/363/2 876/368/2
f 856/369/2 857/365/2 851/367/2
f 856/369/2 851/367/2 852/370/2
f 879/366/2 876/368/2 877/371/2
f 855/372/2 856/369/2 852/370/2
f 878/373/2 879/366/2 877/371/2
f 855/372/2 852/370/2 853/374/2
f 854/375/2 855/372/2 853/374/2
f 1173/376/2 1174/378/2 1175/377/2
f 1173/376/2 1175/377/2 1176/379/2
f 1172/380/2 1173/376/2 1176/379/2
f 1171/381/2 1172/380/2 1176/379/2
f 1170/382/2 1171/381/2 1176/379/2
f 1169/383/2 1170/382/2 1176/379/2
f 1168/384/2 1169/383/2 1176/379/2
f 1167/385/2 1168/384/2 1176/379/2
f 1166/386/2 1167/385/2 1017/84/2
f 1017/84/2 1167/385/2 1176/379/2
f 1166/386/2 1017/84/2 1018/387/2
f 1165/388/2 1166/386/2 1177/389/2
f 1177/389/2 1166/386/2 1224/390/2
f 1224/390/2 1166/386/2 1018/387/2
f 1223/391/2 1224/390/2 1018/387/2
f 1223/391/2 1018/387/2 1019/392/2
f 1222/393/2 1223/391/2 1019/392/2
f 1165/388/2 1177/389/2 1178/394/2
f 1221/395/2 1222/393/2 1019/392/2
f 1165/388/2 1178/394/2 1179/396/2
f 1220/397/2 1221/395/2 1019/392/2
f 1165/388/2 1179/396/2 1180/398/2
f 1220/397/2 1019/392/2 1020/399/2
f 1219/400/2 1220/397/2 1020/399/2
f 1165/388/2 1180/398/2 1181/401/2
f 1164/402/2 1165/388/2 1181/401/2
f 1218/403/2 1219/400/2 1020/399/2
f 1218/403/2 1020/399/2 1021/404/2
f 1164/402/2 1181/401/2 1182/405/2
f 1217/406/2 1218/403/2 1021/404/2
f 1164/402/2 1182/405/2 1183/407/2
f 1217/406/2 1021/404/2 1022/408/2
f 1216/409/2 1217/406/2 1022/408/2
f 1164/402/2 1183/407/2 1184/410/2
f 1216/409/2 1022/408/2 1023/411/2
f 1163/412/2 1164/402/2 1184/410/2
f 1215/413/2 1216/409/2 1023/411/2
f 1215/413/2 1023/411/2 1024/414/2
f 1163/412/2 1184/410/2 1185/415/2
f 1215/413/2 1024/414/2 1025/416/2
f 1214/417/2 1215/413/2 1025/416/2
f 1163/412/2 1185/415/2 1186/418/2
f 1162/419/2 1163/412/2 1186/418/2
f 1214/417/2 1025/416/2 1026/420/2
f 1213/421/2 1214/417/2 1026/420/2
f 1162/419/2 1186/418/2 1187/422/2
f 1213/421/2 1026/420/2 1027/423/2
f 1212/424/2 1213/421/2 1027/423/2
f 1162/419/2 1187/422/2 1188/425/2
f 1212/424/2 1027/423/2 1028/426/2
f 1161/427/2 1162/419/2 1188/425/2
f 1211/428/2 1212/424/2 1028/426/2
f 1211/428/2 1028/426/2 1029/429/2
f 1161/427/2 1188/425/2 1189/430/2
f 1160/431/2 1161/427/2 1189/430/2
f 1211/428/2 1029/429/2 1030/432/2
f 1210/433/2 1211/428/2 1030/432/2
f 1160/431/2 1189/430/2 1190/434/2
f 1159/435/2 1160/431/2 1190/434/2
f 1210/433/2 1030/432/2 1031/436/2
f 1158/437/2 1159/435/2 1190/434/2
f 1209/438/2 1210/433/2 1031/436/2
f 1158/437/2 1190/434/2 1191/439/2
f 1209/438/2 1031/436/2 1032/440/2
f 1157/441/2 1158/437/2 1191/439/2
f 1208/442/2 1209/438/2 1032/440/2
f 1157/441/2 1191/439/2 1192/443/2
f 1156/444/2 1157/441/2 1192/443/2
f 1208/442/2 1032/440/2 1033/445/2
f 1207/446/2 1208/442/2 1033/445/2
f 1155/447/2 1156/444/2 1192/443/2
f 1155/447/2 1192/443/2 1193/448/2
f 1207/446/2 1033/445/2 1034/449/2
f 1154/450/2 1155/447/2 1193/448/2
f 1206/451/2 1207/446/2 1034/449/2
f 1154/450/2 1193/448/2 1194/452/2
f 1153/453/2 1154/450/2 1194/452/2
f 1206/451/2 1034/449/2 1035/454/2
f 1205/455/2 1206/451/2 1035/454/2
f 1153/453/2 1194/452/2 1195/456/2
f 1152/457/2 1153/453/2 1195/456/2
f 1204/458/2 1205/455/2 1035/454/2
f 1204/458/2 1035/454/2 1036/459/2
f 1152/457/2 1195/456/2 1196/460/2
f 1151/461/2 1152/457/2 1196/460/2
f 1203/462/2 1204/458/2 1036/459/2
f 1151/461/2 1196/460/2 1197/463/2
f 1203/462/2 1036/459/2 1037/464/2
f 1150/465/2 1151/461/2 1197/463/2
f 1202/466/2 1203/462/2 1037/464/2
f 1150/465/2 1197/463/2 1198/467/2
f 1201/468/2 1202/466/2 1037/464/2
f 1150/465/2 1198/467/2 1199/469/2
f 1149/470/2 1150/465/2 1199/469/2
f 1200/471/2 1201/468/2 1037/464/2
f 1149/470/2 1199/469/2 1200/471/2
f 1149/470/2 1200/471/2 1037/464/2
f 1149/470/2 1037/464/2 1038/472/2
f 1148/473/2 1149/470/2 1038/472/2
f 1148/473/2 1038/472/2 1039/474/2
f 1147/475/2 1148/473/2 1039/474/2
f 1147/475/2 1039/474/2 1040/476/2
f 1146/477/2 1147/475/2 1040/476/2
f 1145/478/2 1146/477/2 1040/476/2
f 1145/478/2 1040/476/2 1041/479/2
f 1144/480/2 1145/478/2 1041/479/2
f 1144/480/2 1041/479/2 1042/481/2
f 1143/482/2 1144/480/2 1042/481/2
f 1142/483/2 1143/482/2 1042/481/2
f 1141/484/2 1142/483/2 1042/481/2
f 1141/484/2 1042/481/2 1043/485/2
f 1140/486/2 1141/484/2 1043/485/2
f 1139/487/2 1140/486/2 1043/485/2
f 1138/488/2 1139/487/2 1043/485/2
f 1138/488/2 1043/485/2 1044/489/2
f 1137/490/2 1138/488/2 1044/489/2
f 1136/491/2 1137/490/2 1044/489/2
f 1135/492/2 1136/491/2 1044/489/2
f 1135/492/2 1044/489/2 1045/493/2
f 1134/494/2 1135/492/2 1045/493/2
f 1134/494/2 1045/493/2 1046/495/2
f 1133/496/2 1134/494/2 1046/495/2
f 1133/496/2 1046/495/2 1047/497/2
f 1132/498/2 1133/496/2 1047/497/2
f 1132/498/2 1047/497/2 1048/499/2
f 1131/500/2 1132/498/2 1048/499/2
f 1131/500/2 1048/499/2 1049/501/2
f 1131/500/2 1049/501/2 1050/502/2
f 1130/503/2 1131/500/2 1050/502/2
f 1130/503/2 1050/502/2 1051/504/2
f 1129/505/2 1130/503/2 1051/504/2
f 1129/505/2 1051/504/2 1052/506/2
f 1128/507/2 1129/505/2 1052/506/2
f 1127/508/2 1128/507/2 1052/506/2
f 1127/508/2 1052/506/2 1053/509/2
f 1126/510/2 1127/508/2 1053/509/2
f 1126/510/2 1053/509/2 1054/511/2
f 1125/512/2 1126/510/2 1054/511/2
f 1125/512/2 1054/511/2 1055/513/2
f 1124/514/2 1125/512/2 1055/513/2
f 1124/514/2 1055/513/2 1056/515/2
f 1123/516/2 1124/514/2 1056/515/2
f 1123/516/2 1056/515/2 1057/517/2
f 1122/518/2 1123/516/2 1057/517/2
f 1122/518/2 1057/517/2 1058/519/2
f 1121/520/2 1122/518/2 1058/519/2
f 1121/520/2 1058/519/2 1059/521/2
f 1120/522/2 1121/520/2 1059/521/2
f 1120/522/2 1059/521/2 1060/523/2
f 1119/524/2 1120/522/2 1060/523/2
f 1119/524/2 1060/523/2 1061/525/2
f 1118/526/2 1119/524/2 1061/525/2
f 1118/526/2 1061/525/2 1062/527/2
f 1117/528/2 1118/526/2 1062/527/2
f 1117/528/2 1062/527/2 1063/529/2
f 1116/530/2 1117/528/2 1063/529/2
f 1116/530/2 1063/529/2 1064/531/2
f 1115/532/2 1116/530/2 1064/531/2
f 1115/532/2 1064/531/2 1065/533/2
f 1114/534/2 1115/532/2 1065/533/2
f 1114/534/2 1065/533/2 1066/535/2
f 1113/536/2 1114/534/2 1066/535/2
f 1113/536/2 1066/535/2 1067/537/2
f 1112/538/2 1113/536/2 1067/537/2
f 1112/538/2 1067/537/2 1068/539/2
f 1111/540/2 1112/538/2 1068/539/2
f 1110/541/2 1111/540/2 1068/539/2
f 1110/541/2 1068/539/2 1069/542/2
f 1109/543/2 1110/541/2 1069/542/2
f 1109/543/2 1069/542/2 1070/544/2
f 1108/545/2 1109/543/2 1070/544/2
f 1108/545/2 1070/544/2 1071/546/2
f 1107/547/2 1108/545/2 1071/546/2
f 1107/547/2 1071/546/2 1072/548/2
f 1106/549/2 1107/547/2 1272/48/2
f 1272/48/2 1107/547/2 1072/548/2
f 1272/48/2 1072/548/2 1271/550/2
f 1271/550/2 1072/548/2 1073/551/2
f 1106/549/2 1272/48/2 1225/552/2
f 1270/553/2 1271/550/2 1073/551/2
f 1106/549/2 1225/552/2 1226/554/2
f 1269/555/2 1270/553/2 1073/551/2
f 1106/549/2 1226/554/2 1227/556/2
f 1105/557/2 1106/549/2 1227/556/2
f 1268/558/2 1269/555/2 1073/551/2
f 1105/557/2 1227/556/2 1228/559/2
f 1267/560/2 1268/558/2 1073/551/2
f 1105/557/2 1228/559/2 1229/561/2
f 1266/562/2 1267/560/2 1073/551/2
f 1266/562/2 1073/551/2 1074/563/2
f 1105/557/2 1229/561/2 1230/564/2
f 1265/565/2 1266/562/2 1074/563/2
f 1104/566/2 1105/557/2 1230/564/2
f 1104/566/2 1230/564/2 1231/567/2
f 1264/568/2 1265/565/2 1074/563/2
f 1264/568/2 1074/563/2 1075/569/2
f 1104/566/2 1231/567/2 1232/570/2
f 1103/571/2 1104/566/2 1232/570/2
f 1263/572/2 1264/568/2 1075/569/2
f 1103/571/2 1232/570/2 1233/573/2
f 1262/574/2 1263/572/2 1075/569/2
f 1262/574/2 1075/569/2 1076/575/2
f 1103/571/2 1233/573/2 1234/576/2
f 1102/577/2 1103/571/2 1234/576/2
f 1261/578/2 1262/574/2 1076/575/2
f 1102/577/2 1234/576/2 1235/579/2
f 1261/578/2 1076/575/2 1077/580/2
f 1101/581/2 1102/577/2 1235/579/2
f 1101/581/2 1235/579/2 1236/582/2
f 1260/583/2 1261/578/2 1077/580/2
f 1260/583/2 1077/580/2 1078/584/2
f 1101/581/2 1236/582/2 1237/585/2
f 1100/586/2 1101/581/2 1237/585/2
f 1259/587/2 1260/583/2 1078/584/2
f 1100/586/2 1237/585/2 1238/588/2
f 1258/589/2 1259/587/2 1078/584/2
f 1258/589/2 1078/584/2 1079/590/2
f 1100/586/2 1238/588/2 1239/591/2
f 1257/592/2 1258/589/2 1079/590/2
f 1099/593/2 1100/586/2 1239/591/2
f 1099/593/2 1239/591/2 1240/594/2
f 1256/595/2 1257/592/2 1079/590/2
f 1099/593/2 1240/594/2 1241/596/2
f 1256/595/2 1079/590/2 1080/597/2
f 1255/598/2 1256/595/2 1080/597/2
f 1098/599/2 1099/593/2 1241/596/2
f 1098/599/2 1241/596/2 1242/600/2
f 1254/601/2 1255/598/2 1080/597/2
f 1098/599/2 1242/600/2 1243/602/2
f 1253/603/2 1254/601/2 1080/597/2
f 1098/599/2 1243/602/2 1244/604/2
f 1253/603/2 1080/597/2 1081/605/2
f 1252/606/2 1253/603/2 1081/605/2
f 1097/607/2 1098/599/2 1244/604/2
f 1097/607/2 1244/604/2 1245/608/2
f 1251/609/2 1252/606/2 1081/605/2
f 1097/607/2 1245/608/2 1246/610/2
f 1250/611/2 1251/609/2 1081/605/2
f 1097/607/2 1246/610/2 1247/612/2
f 1249/613/2 1250/611/2 1081/605/2
f 1097/607/2 1247/612/2 1248/614/2
f 1248/614/2 1249/613/2 1081/605/2
f 1097/607/2 1248/614/2 1081/605/2
f 1097/607/2 1081/605/2 1082/615/2
f 1096/616/2 1097/607/2 1082/615/2
f 1096/616/2 1082/615/2 1083/617/2
f 1095/618/2 1096/616/2 1083/617/2
f 1094/619/2 1095/618/2 1083/617/2
f 1094/619/2 1083/617/2 1084/620/2
f 1093/621/2 1094/619/2 1084/620/2
f 1093/621/2 1084/620/2 1085/622/2
f 1092/623/2 1093/621/2 1085/622/2
f 1092/623/2 1085/622/2 1086/624/2
f 1091/625/2 1092/623/2 1086/624/2
f 1091/625/2 1086/624/2 1087/626/2
f 1090/627/2 1091/625/2 1087/626/2
f 1090/627/2 1087/626/2 1088/628/2
f 1089/629/2 1090/627/2 1088/628/2
s 1
f 1276/630/3 1273/84/4 1274/631/4
f 1278/632/5 1275/633/3 1276/630/3
f 1280/634/6 1277/635/5 1278/632/5
f 1282/636/7 1279/637/6 1280/634/6
f 1284/638/8 1281/639/7 1282/636/7
f 1286/640/9 1283/641/10 1284/638/8
f 1288/642/11 1285/643/9 1286/640/9
f 1290/644/12 1287/645/11 1288/642/11
f 1292/646/13 1289/647/12 1290/644/12
f 1294/648/14 1291/649/13 1292/646/13
f 1296/650/15 1293/651/14 1294/648/14
f 1298/652/16 1295/653/17 1296/650/15
f 1300/654/18 1297/655/16 1298/652/16
f 1302/656/19 1299/657/18 1300/654/18
f 1304/658/20 1301/659/19 1302/656/19
f 1306/660/21 1303/661/20 1304/658/20
f 1308/662/22 1305/663/21 1306/660/21
f 1310/664/23 1307/665/22 1308/662/22
f 1312/666/24 1309/667/23 1310/664/23
f 1314/668/25 1311/669/24 1312/666/24
f 1316/670/26 1313/671/25 1314/668/25
f 1318/672/27 1315/673/26 1316/670/26
f 1320/674/28 1317/675/27 1318/672/27
f 1322/676/29 1319/677/28 1320/674/28
f 1324/678/30 1321/679/29 1322/676/29
f 1326/680/31 1323/681/32 1324/678/30
f 1328/682/33 1325/683/31 1326/680/31
f 1330/684/34 1327/685/33 1328/682/33
f 1332/686/35 1329/687/34 1330/684/34
f 1334/688/36 1331/689/35 1332/686/35
f 1336/690/37 1333/691/36 1334/688/36
f 1338/692/38 1335/693/37 1336/690/37
f 1340/694/39 1337/539/38 1338/692/38
f 1342/695/40 1339/696/39 1340/694/39
f 1344/697/41 1341/698/40 1342/695/40
f 1346/699/42 1343/700/41 1344/697/41
f 1348/701/43 1345/702/42 1346/699/42
f 1350/703/44 1347/704/43 1348/701/43
f 1352/705/45 1349/706/44 1350/703/44
f 1354/707/46 1351/708/45 1352/705/45
f 1356/709/47 1353/710/46 1354/707/46
f 1358/711/48 1355/712/47 1356/709/47
f 1360/713/49 1357/714/48 1358/711/48
f 1362/715/50 1359/716/49 1360/713/49
f 1364/717/51 1361/718/50 1362/715/50
f 1366/719/52 1363/720/51 1364/717/51
f 1368/721/53 1365/722/52 1366/719/52
f 1370/723/54 1367/724/53 1368/721/53
f 1372/725/55 1369/726/54 1370/723/54
f 1374/727/56 1371/728/55 1372/725/55
f 1376/729/57 1373/730/56 1374/727/56
f 1378/731/58 1375/732/57 1376/729/57
f 1380/733/59 1377/734/58 1378/731/58
f 1382/735/60 1379/736/61 1380/733/59
f 1384/737/62 1381/738/60 1382/735/60
f 1386/739/63 1383/740/62 1384/737/62
f 1388/741/64 1385/742/63 1386/739/63
f 1390/743/65 1387/744/64 1388/741/64
f 1392/745/66 1389/746/65 1390/743/65
f 1394/747/67 1391/748/66 1392/745/66
f 1396/749/68 1393/750/67 1394/747/67
f 1398/751/69 1395/752/68 1396/749/68
f 1400/753/70 1397/754/69 1398/751/69
f 1402/755/71 1399/756/72 1400/753/70
f 1404/757/73 1401/524/71 1402/755/71
f 1406/758/74 1403/759/73 1404/757/73
f 1408/760/75 1405/761/74 1406/758/74
f 1410/762/76 1407/763/75 1408/760/75
f 1412/764/77 1409/765/76 1410/762/76
f 1414/766/78 1411/767/77 1412/764/77
f 1416/768/79 1413/769/78 1414/766/78
f 1418/770/80 1415/771/79 1416/768/79
f 1420/772/81 1417/773/80 1418/770/80
f 1422/774/82 1419/775/81 1420/772/81
f 1424/776/83 1421/777/82 1422/774/82
f 1426/778/84 1423/779/83 1424/776/83
f 1428/780/85 1425/781/84 1426/778/84
f 1430/782/86 1427/783/85 1428/780/85
f 1432/784/87 1429/785/86 1430/782/86
f 1434/786/88 1431/787/87 1432/784/87
f 1436/788/89 1433/53/88 1434/786/88
f 1438/789/90 1435/790/89 1436/788/89
f 1440/791/91 1437/792/90 1438/789/90
f 1442/793/92 1439/794/91 1440/791/91
f 1444/795/93 1441/796/92 1442/793/92
f 1446/797/94 1443/798/93 1444/795/93
f 1448/799/95 1445/800/94 1446/797/94
f 1450/801/96 1447/802/95 1448/799/95
f 1452/803/97 1449/804/96 1450/801/96
f 1454/805/98 1451/806/97 1452/803/97
f 1456/807/99 1453/808/98 1454/805/98
f 1458/809/100 1455/810/99 1456/807/99
f 1460/811/101 1457/812/100 1458/809/100
f 1462/813/102 1459/814/101 1460/811/101
f 1464/815/103 1461/816/102 1462/813/102
f 1466/817/104 1463/818/103 1464/815/103
f 1468/819/105 1465/382/104 1466/817/104
f 1470/820/106 1467/821/105 1468/819/105
f 1472/822/107 1469/823/106 1470/820/106
f 1474/824/108 1471/825/107 1472/822/107
f 1476/826/109 1473/827/108 1474/824/108
f 1478/828/110 1475/829/109 1476/826/109
f 1480/830/111 1477/831/110 1478/828/110
f 1482/832/112 1479/833/111 1480/830/111
f 1484/834/113 1481/835/112 1482/832/112
f 1486/836/114 1483/837/113 1484/834/113
f 1488/838/115 1485/839/114 1486/836/114
f 1490/840/116 1487/841/115 1488/838/115
f 1492/842/117 1489/843/116 1490/840/116
f 1494/844/118 1491/845/117 1492/842/117
f 1496/846/119 1493/847/118 1494/844/118
f 1498/848/120 1495/849/119 1496/846/119
f 1500/850/121 1497/851/120 1498/848/120
f 1502/852/122 1499/853/121 1500/850/121
f 1504/854/123 1501/855/122 1502/852/122
f 1506/856/124 1503/857/123 1504/854/123
f 1508/858/125 1505/859/124 1506/856/124
f 1510/860/126 1507/861/125 1508/858/125
f 1512/862/127 1509/863/126 1510/860/126
f 1514/864/128 1511/865/127 1512/862/127
f 1516/866/129 1513/867/128 1514/864/128
f 1518/868/130 1515/869/129 1516/866/129
f 1520/870/131 1517/871/130 1518/868/130
f 1522/872/132 1519/873/131 1520/870/131
f 1524/874/133 1521/875/132 1522/872/132
f 1526/876/134 1523/877/133 1524/874/133
f 1528/878/135 1525/879/134 1526/876/134
f 1530/880/136 1527/881/135 1528/878/135
f 1532/882/137 1529/395/136 1530/880/136
f 1534/883/138 1531/884/137 1532/882/137
f 1536/885/139 1533/886/138 1534/883/138
f 1538/887/140 1535/888/139 1536/885/139
f 1540/889/141 1537/890/140 1538/887/140
f 1542/891/142 1539/892/141 1540/889/141
f 1544/893/143 1541/894/142 1542/891/142
f 1546/895/144 1543/896/143 1544/893/143
f 1548/897/145 1545/898/144 1546/895/144
f 1550/899/146 1547/900/145 1548/897/145
f 1552/901/147 1549/902/146 1550/899/146
f 1554/903/148 1551/904/147 1552/901/147
f 1556/905/149 1553/906/148 1554/903/148
f 1558/907/150 1555/908/149 1556/905/149
f 1560/909/151 1557/910/150 1558/907/150
f 1562/911/152 1559/912/151 1560/909/151
f 1564/913/153 1561/914/152 1562/911/152
f 1566/915/154 1563/916/153 1564/913/153
f 1568/917/155 1565/918/154 1566/915/154
f 1570/919/156 1567/920/155 1568/917/155
f 1572/921/157 1569/922/156 1570/919/156
f 1574/923/158 1571/924/157 1572/921/157
f 1576/925/159 1573/926/158 1574/923/158
f 1578/927/160 1575/928/159 1576/925/159
f 1580/929/161 1577/930/160 1578/927/160
f 1582/931/162 1579/932/161 1580/929/161
f 1584/933/163 1581/934/162 1582/931/162
f 1586/935/164 1583/936/163 1584/933/163
f 1588/937/165 1585/938/164 1586/935/164
f 1590/939/166 1587/940/165 1588/937/165
f 1592/941/167 1589/942/166 1590/939/166
f 1274/943/4 1591/944/167 1592/941/167
f 1596/945/168 1593/84/169 1594/631/169
f 1598/946/170 1595/947/168 1596/945/168
f 1600/648/171 1597/948/170 1598/946/170
f 1602/949/172 1599/651/171 1600/648/171
f 1604/950/173 1601/951/172 1602/949/172
f 1606/668/174 1603/952/173 1604/950/173
f 1608/953/175 1605/671/174 1606/668/174
f 1610/954/176 1607/955/175 1608/953/175
f 1612/688/177 1609/956/176 1610/954/176
f 1614/957/178 1611/691/177 1612/688/177
f 1616/958/179 1613/959/178 1614/957/178
f 1618/707/180 1615/960/179 1616/958/179
f 1620/961/181 1617/710/180 1618/707/180
f 1622/962/182 1619/963/181 1620/961/181
f 1624/727/183 1621/964/182 1622/962/182
f 1626/965/184 1623/730/183 1624/727/183
f 1628/966/185 1625/577/184 1626/965/184
f 1630/747/186 1627/967/185 1628/966/185
f 1632/968/187 1629/750/186 1630/747/186
f 1634/969/188 1631/970/187 1632/968/187
f 1636/766/189 1633/971/188 1634/969/188
f 1638/972/190 1635/769/189 1636/766/189
f 1640/973/191 1637/974/190 1638/972/190
f 1642/786/192 1639/975/193 1640/973/191
f 1644/976/194 1641/53/192 1642/786/192
f 1646/977/195 1643/978/194 1644/976/194
f 1648/805/196 1645/979/195 1646/977/195
f 1650/980/197 1647/808/196 1648/805/196
f 1652/981/198 1649/982/197 1650/980/197
f 1654/824/199 1651/983/198 1652/981/198
f 1656/984/200 1653/827/199 1654/824/199
f 1658/985/201 1655/986/200 1656/984/200
f 1660/844/202 1657/422/203 1658/985/201
f 1662/987/204 1659/847/202 1660/844/202
f 1664/988/205 1661/989/204 1662/987/204
f 1666/864/206 1663/990/205 1664/988/205
f 1668/991/207 1665/867/206 1666/864/206
f 1670/992/208 1667/993/207 1668/991/207
f 1672/883/209 1669/994/208 1670/992/208
f 1674/995/210 1671/886/209 1672/883/209
f 1676/996/211 1673/997/210 1674/995/210
f 1678/903/212 1675/998/211 1676/996/211
f 1680/999/213 1677/906/212 1678/903/212
f 1682/1000/214 1679/1001/213 1680/999/213
f 1684/923/215 1681/1002/214 1682/1000/214
f 1686/1003/216 1683/926/215 1684/923/215
f 1688/1004/217 1685/1005/216 1686/1003/216
f 1594/943/169 1687/1006/217 1688/1004/217
f 1692/945/218 1689/84/219 1690/631/219
f 1694/946/220 1691/947/218 1692/945/218
f 1696/648/221 1693/948/220 1694/946/220
f 1698/949/222 1695/651/221 1696/648/221
f 1700/950/223 1697/951/222 1698/949/222
f 1702/668/224 1699/952/223 1700/950/223
f 1704/953/225 1701/671/224 1702/668/224
f 1706/954/226 1703/955/225 1704/953/225
f 1708/688/227 1705/956/226 1706/954/226
f 1710/957/228 1707/691/227 1708/688/227
f 1712/958/229 1709/959/228 1710/957/228
f 1714/707/230 1711/960/229 1712/958/229
f 1716/961/231 1713/710/230 1714/707/230
f 1718/962/232 1715/963/231 1716/961/231
f 1720/727/233 1717/964/232 1718/962/232
f 1722/965/234 1719/730/233 1720/727/233
f 1724/966/235 1721/577/234 1722/965/234
f 1726/747/236 1723/967/235 1724/966/235
f 1728/968/237 1725/750/236 1726/747/236
f 1730/969/238 1727/970/237 1728/968/237
f 1732/766/239 1729/971/238 1730/969/238
f 1734/972/240 1731/769/239 1732/766/239
f 1736/973/241 1733/974/240 1734/972/240
f 1738/786/242 1735/975/241 1736/973/241
f 1740/976/243 1737/53/242 1738/786/242
f 1742/977/244 1739/978/243 1740/976/243
f 1744/805/245 1741/979/244 1742/977/244
f 1746/980/246 1743/808/245 1744/805/245
f 1748/981/247 1745/982/246 1746/980/246
f 1750/824/248 1747/983/247 1748/981/247
f 1752/984/249 1749/827/248 1750/824/248
f 1754/985/250 1751/986/249 1752/984/249
f 1756/844/251 1753/422/250 1754/985/250
f 1758/987/252 1755/847/251 1756/844/251
f 1760/988/253 1757/989/252 1758/987/252
f 1762/864/254 1759/990/253 1760/988/253
f 1764/991/255 1761/867/254 1762/864/254
f 1766/992/256 1763/993/255 1764/991/255
f 1768/883/257 1765/994/256 1766/992/256
f 1770/995/258 1767/886/257 1768/883/257
f 1772/996/259 1769/997/258 1770/995/258
f 1774/903/260 1771/998/259 1772/996/259
f 1776/999/261 1773/906/260 1774/903/260
f 1778/1000/262 1775/1001/261 1776/999/261
f 1780/923/263 1777/1002/262 1778/1000/262
f 1782/1003/264 1779/926/263 1780/923/263
f 1784/1004/265 1781/1005/264 1782/1003/264
f 1690/943/219 1783/1006/265 1784/1004/265
f 1788/1007/266 1785/84/267 1786/631/267
f 1790/1008/268 1787/1009/266 1788/1007/266
f 1792/1010/269 1789/1011/268 1790/1008/268
f 1794/1012/270 1791/1013/269 1792/1010/269
f 1796/1014/271 1793/1015/270 1794/1012/270
f 1798/1016/272 1795/1017/271 1796/1014/271
f 1800/1018/273 1797/1019/272 1798/1016/272
f 1802/1020/274 1799/1021/273 1800/1018/273
f 1804/1022/275 1801/1023/274 1802/1020/274
f 1806/1024/276 1803/1025/275 1804/1022/275
f 1808/1026/277 1805/1027/276 1806/1024/276
f 1810/1028/278 1807/1029/277 1808/1026/277
f 1812/1030/279 1809/1031/278 1810/1028/278
f 1814/1032/280 1811/1033/279 1812/1030/279
f 1816/1034/281 1813/1035/280 1814/1032/280
f 1818/1036/282 1815/1037/281 1816/1034/281
f 1820/1038/283 1817/1039/282 1818/1036/282
f 1822/1040/284 1819/1041/283 1820/1038/283
f 1824/1042/285 1821/1043/284 1822/1040/284
f 1826/1044/286 1823/1045/285 1824/1042/285
f 1828/1046/287 1825/1047/286 1826/1044/286
f 1830/1048/288 1827/1049/287 1828/1046/287
f 1832/1050/289 1829/1051/288 1830/1048/288
f 1834/1052/290 1831/1053/289 1832/1050/289
f 1836/1054/291 1833/1055/290 1834/1052/290
f 1838/1056/292 1835/1057/291 1836/1054/291
f 1840/1058/293 1837/1059/292 1838/1056/292
f 1842/1060/294 1839/1061/293 1840/1058/293
f 1844/1062/295 1841/1063/294 1842/1060/294
f 1846/1064/296 1843/1065/295 1844/1062/295
f 1848/1066/297 1845/1067/296 1846/1064/296
f 1850/1068/298 1847/1069/297 1848/1066/297
f 1852/1070/299 1849/1071/298 1850/1068/298
f 1854/1072/300 1851/1073/299 1852/1070/299
f 1856/1074/301 1853/1075/300 1854/1072/300
f 1858/1076/302 1855/1077/301 1856/1074/301
f 1860/1078/303 1857/1079/302 1858/1076/302
f 1862/1080/304 1859/1081/303 1860/1078/303
f 1864/1082/305 1861/1083/304 1862/1080/304
f 1866/1084/306 1863/1085/305 1864/1082/305
f 1868/1086/307 1865/1087/306 1866/1084/306
f 1870/1088/308 1867/1089/307 1868/1086/307
f 1872/1090/309 1869/1091/308 1870/1088/308
f 1874/1092/310 1871/1093/309 1872/1090/309
f 1876/1094/311 1873/1095/310 1874/1092/310
f 1878/1096/312 1875/1097/311 1876/1094/311
f 1880/1098/313 1877/1099/312 1878/1096/312
f 1882/1100/314 1879/1101/313 1880/1098/313
f 1884/1102/315 1881/1103/314 1882/1100/314
f 1886/1104/316 1883/1105/315 1884/1102/315
f 1888/1106/317 1885/1107/316 1886/1104/316
f 1890/1108/318 1887/1109/317 1888/1106/317
f 1892/1110/319 1889/1111/318 1890/1108/318
f 1894/1112/320 1891/1113/319 1892/1110/319
f 1896/1114/321 1893/1115/320 1894/1112/320
f 1898/1116/322 1895/1117/321 1896/1114/321
f 1900/1118/323 1897/1119/322 1898/1116/322
f 1902/1120/324 1899/1121/323 1900/1118/323
f 1904/1122/325 1901/1123/324 1902/1120/324
f 1906/1124/326 1903/1125/325 1904/1122/325
f 1908/1126/327 1905/1127/326 1906/1124/326
f 1910/1128/328 1907/1129/327 1908/1126/327
f 1912/1130/329 1909/1131/328 1910/1128/328
f 1914/1132/330 1911/1133/329 1912/1130/329
f 1916/1134/331 1913/1135/330 1914/1132/330
f 1918/1136/332 1915/1137/333 1916/1134/331
f 1920/1138/334 1917/1139/335 1918/1136/332
f 1922/1140/336 1919/1141/337 1920/1138/334
f 1924/1142/338 1921/1143/336 1922/1140/336
f 1926/1144/339 1923/1145/338 1924/1142/338
f 1928/1146/340 1925/1147/339 1926/1144/339
f 1930/1148/341 1927/1149/340 1928/1146/340
f 1932/1150/342 1929/1151/341 1930/1148/341
f 1934/1152/343 1931/1153/342 1932/1150/342
f 1936/1154/344 1933/1155/343 1934/1152/343
f 1938/1156/345 1935/1157/344 1936/1154/344
f 1940/1158/346 1937/1159/345 1938/1156/345
f 1942/1160/347 1939/1161/346 1940/1158/346
f 1944/1162/348 1941/1163/347 1942/1160/347
f 1946/1164/349 1943/1165/348 1944/1162/348
f 1948/1166/350 1945/1167/349 1946/1164/349
f 1950/1168/351 1947/1169/350 1948/1166/350
f 1952/1170/352 1949/1171/351 1950/1168/351
f 1954/1172/353 1951/1173/352 1952/1170/352
f 1956/1174/354 1953/1175/353 1954/1172/353
f 1958/1176/355 1955/1177/354 1956/1174/354
f 1960/1178/356 1957/1179/355 1958/1176/355
f 1962/1180/357 1959/1181/356 1960/1178/356
f 1964/1182/358 1961/1183/357 1962/1180/357
f 1966/1184/359 1963/1185/358 1964/1182/358
f 1968/1186/360 1965/1187/359 1966/1184/359
f 1970/1188/361 1967/1189/360 1968/1186/360
f 1972/1190/362 1969/1191/361 1970/1188/361
f 1974/1192/363 1971/1193/362 1972/1190/362
f 1976/1194/364 1973/1195/363 1974/1192/363
f 1978/1196/365 1975/1197/364 1976/1194/364
f 1980/1198/366 1977/1199/365 1978/1196/365
f 1982/1200/367 1979/1201/366 1980/1198/366
f 1984/1202/368 1981/1203/367 1982/1200/367
f 1986/1204/369 1983/1205/368 1984/1202/368
f 1988/1206/370 1985/1207/369 1986/1204/369
f 1990/1208/371 1987/1209/370 1988/1206/370
f 1992/1210/372 1989/1211/371 1990/1208/371
f 1994/1212/373 1991/1213/372 1992/1210/372
f 1996/1214/374 1993/1215/373 1994/1212/373
f 1998/1216/375 1995/1217/374 1996/1214/374
f 2000/1218/376 1997/1219/375 1998/1216/375
f 2002/1220/377 1999/1221/376 2000/1218/376
f 2004/1222/378 2001/1223/377 2002/1220/377
f 2006/1224/379 2003/1225/378 2004/1222/378
f 2008/1226/380 2005/1227/379 2006/1224/379
f 2010/1228/381 2007/1229/380 2008/1226/380
f 2012/1230/382 2009/1231/381 2010/1228/381
f 2014/1232/383 2011/1233/382 2012/1230/382
f 2016/1234/384 2013/1235/383 2014/1232/383
f 2018/1236/385 2015/1237/386 2016/1234/384
f 2020/1238/387 2017/1239/388 2018/1236/385
f 2022/1240/389 2019/1241/387 2020/1238/387
f 2024/1242/390 2021/1243/391 2022/1240/389
f 2026/1244/392 2023/1245/393 2024/1242/390
f 2028/1246/394 2025/1247/392 2026/1244/392
f 2030/1248/395 2027/1249/394 2028/1246/394
f 2032/1250/396 2029/1251/395 2030/1248/395
f 2034/1252/397 2031/1253/396 2032/1250/396
f 2036/1254/398 2033/1255/397 2034/1252/397
f 2038/1256/399 2035/1257/398 2036/1254/398
f 2040/1258/400 2037/1259/401 2038/1256/399
f 2042/1260/402 2039/1261/400 2040/1258/400
f 2044/1262/403 2041/1263/402 2042/1260/402
f 2046/1264/404 2043/1265/403 2044/1262/403
f 2048/1266/405 2045/1267/404 2046/1264/404
f 2050/1268/406 2047/1269/405 2048/1266/405
f 2052/1270/407 2049/1271/406 2050/1268/406
f 2054/1272/408 2051/1273/407 2052/1270/407
f 2056/1274/409 2053/1275/408 2054/1272/408
f 2058/1276/410 2055/1277/409 2056/1274/409
f 1786/943/267 2057/1278/410 2058/1276/410
f 2062/1279/411 2059/84/412 2060/631/412
f 2064/1280/413 2061/1281/411 2062/1279/411
f 2066/1282/414 2063/1283/413 2064/1280/413
f 2068/1284/415 2065/1285/414 2066/1282/414
f 2070/1286/416 2067/1287/415 2068/1284/415
f 2072/1288/417 2069/1289/416 2070/1286/416
f 2074/1290/418 2071/1291/417 2072/1288/417
f 2076/1292/419 2073/1293/418 2074/1290/418
f 2078/1294/420 2075/1295/419 2076/1292/419
f 2080/1296/421 2077/1297/420 2078/1294/420
f 2082/1298/422 2079/1299/421 2080/1296/421
f 2084/1300/423 2081/1301/422 2082/1298/422
f 2086/1302/424 2083/1303/423 2084/1300/423
f 2088/1304/425 2085/1305/424 2086/1302/424
f 2090/1306/426 2087/1307/425 2088/1304/425
f 2092/1308/427 2089/1309/426 2090/1306/426
f 2094/1310/428 2091/1311/427 2092/1308/427
f 2096/1312/429 2093/1313/428 2094/1310/428
f 2098/1314/430 2095/1315/429 2096/1312/429
f 2100/1316/431 2097/1317/430 2098/1314/430
f 2102/1318/432 2099/1319/433 2100/1316/431
f 2104/1320/434 2101/1321/432 2102/1318/432
f 2106/1322/435 2103/1323/434 2104/1320/434
f 2108/1324/436 2105/1325/435 2106/1322/435
f 2110/1326/437 2107/1327/436 2108/1324/436
f 2112/1328/438 2109/1329/437 2110/1326/437
f 2114/1330/439 2111/1331/438 2112/1328/438
f 2116/1332/440 2113/1333/439 2114/1330/439
f 2118/1334/441 2115/1335/440 2116/1332/440
f 2120/1336/442 2117/1337/441 2118/1334/441
f 2122/1338/443 2119/1339/442 2120/1336/442
f 2124/1340/444 2121/1341/443 2122/1338/443
f 2126/1342/445 2123/1343/444 2124/1340/444
f 2128/1344/446 2125/1345/445 2126/1342/445
f 2130/1346/447 2127/1347/446 2128/1344/446
f 2132/1348/448 2129/1349/447 2130/1346/447
f 2060/943/412 2131/1350/448 2132/1348/448
f 2136/1351/449 2133/84/450 2134/631/450
f 2138/1352/451 2135/1353/449 2136/1351/449
f 2140/1354/452 2137/1355/451 2138/1352/451
f 2142/1356/453 2139/1357/452 2140/1354/452
f 2144/1358/454 2141/1359/453 2142/1356/453
f 2146/1360/455 2143/1361/454 2144/1358/454
f 2148/1362/456 2145/1363/455 2146/1360/455
f 2150/1364/457 2147/1365/456 2148/1362/456
f 2152/1366/458 2149/1367/457 2150/1364/457
f 2154/1368/459 2151/1369/458 2152/1366/458
f 2156/1370/460 2153/1371/459 2154/1368/459
f 2158/1372/461 2155/1373/460 2156/1370/460
f 2160/1374/462 2157/1375/461 2158/1372/461
f 2162/1376/463 2159/1377/462 2160/1374/462
f 2164/1378/464 2161/1379/463 2162/1376/463
f 2166/1380/465 2163/1381/464 2164/1378/464
f 2168/1382/466 2165/1383/465 2166/1380/465
f 2170/1384/467 2167/1385/466 2168/1382/466
f 2172/1386/468 2169/1387/467 2170/1384/467
f 2174/1388/469 2171/1389/468 2172/1386/468
f 2176/1390/470 2173/1391/469 2174/1388/469
f 2178/1392/471 2175/1393/470 2176/1390/470
f 2180/1394/472 2177/1395/471 2178/1392/471
f 2182/1396/473 2179/1397/472 2180/1394/472
f 2184/1398/474 2181/1399/473 2182/1396/473
f 2186/1400/475 2183/1401/474 2184/1398/474
f 2188/1402/476 2185/1403/475 2186/1400/475
f 2190/1404/477 2187/1405/476 2188/1402/476
f 2192/1406/478 2189/1407/477 2190/1404/477
f 2194/1408/479 2191/1409/478 2192/1406/478
f 2196/1410/480 2193/1411/479 2194/1408/479
f 2198/1412/481 2195/1413/480 2196/1410/480
f 2200/1414/482 2197/1415/481 2198/1412/481
f 2202/1416/483 2199/1417/482 2200/1414/482
f 2204/1418/484 2201/1419/483 2202/1416/483
f 2206/1420/367 2203/1421/484 2204/1418/484
f 2208/1422/485 2205/1423/367 2206/1420/367
f 2210/1424/486 2207/1425/485 2208/1422/485
f 2212/1426/487 2209/1427/486 2210/1424/486
f 2214/1428/488 2211/1429/487 2212/1426/487
f 2216/1430/489 2213/1431/488 2214/1428/488
f 2218/1432/490 2215/1433/489 2216/1430/489
f 2220/1434/491 2217/1435/490 2218/1432/490
f 2222/1436/492 2219/1437/491 2220/1434/491
f 2224/1438/493 2221/1439/492 2222/1436/492
f 2226/1440/494 2223/1441/493 2224/1438/493
f 2228/1442/495 2225/1443/494 2226/1440/494
f 2230/1444/496 2227/1445/495 2228/1442/495
f 2232/1446/167 2229/1447/496 2230/1444/496
f 2234/1448/497 2231/1449/167 2232/1446/167
f 2236/1450/498 2233/1451/497 2234/1448/497
f 2238/1452/499 2235/1453/500 2236/1450/498
f 2240/1454/501 2237/1455/499 2238/1452/499
f 2242/1456/502 2239/1457/501 2240/1454/501
f 2244/1458/503 2241/1459/502 2242/1456/502
f 2246/1460/504 2243/1461/503 2244/1458/503
f 2248/1462/505 2245/1463/504 2246/1460/504
f 2250/1464/506 2247/1465/505 2248/1462/505
f 2252/1466/507 2249/1467/506 2250/1464/506
f 2254/1468/508 2251/1469/507 2252/1466/507
f 2256/1470/509 2253/1471/508 2254/1468/508
f 2258/1472/510 2255/1473/511 2256/1470/509
f 2260/1474/512 2257/1475/510 2258/1472/510
f 2262/1476/513 2259/1477/512 2260/1474/512
f 2264/1478/514 2261/1479/513 2262/1476/513
f 2266/1480/515 2263/1481/514 2264/1478/514
f 2268/1482/516 2265/1483/515 2266/1480/515
f 2270/1484/517 2267/1485/516 2268/1482/516
f 2272/1486/518 2269/1487/517 2270/1484/517
f 2274/1488/519 2271/1489/518 2272/1486/518
f 2276/1490/520 2273/1491/519 2274/1488/519
f 2278/1492/521 2275/1493/520 2276/1490/520
f 2280/1494/522 2277/1495/521 2278/1492/521
f 2282/1496/523 2279/1497/522 2280/1494/522
f 2284/1498/524 2281/1499/523 2282/1496/523
f 2286/1500/167 2283/1501/524 2284/1498/524
f 2288/1502/497 2285/1503/167 2286/1500/167
f 2290/1504/525 2287/1505/497 2288/1502/497
f 2292/1506/328 2289/1507/525 2290/1504/525
f 2294/1508/526 2291/1509/328 2292/1506/328
f 2296/1510/527 2293/1511/526 2294/1508/526
f 2298/1512/528 2295/1513/527 2296/1510/527
f 2300/1514/529 2297/1515/528 2298/1512/528
f 2302/1516/530 2299/1517/529 2300/1514/529
f 2304/1518/531 2301/1519/530 2302/1516/530
f 2306/1520/532 2303/1521/533 2304/1518/531
f 2308/1522/534 2305/1523/535 2306/1520/532
f 2310/1524/536 2307/1525/534 2308/1522/534
f 2312/1526/537 2309/1527/536 2310/1524/536
f 2314/1528/538 2311/1529/537 2312/1526/537
f 2316/1530/539 2313/1531/538 2314/1528/538
f 2318/1532/540 2315/1533/539 2316/1530/539
f 2320/1534/541 2317/1535/540 2318/1532/540
f 2322/1536/542 2319/1537/541 2320/1534/541
f 2324/1538/543 2321/1539/542 2322/1536/542
f 2326/1540/544 2323/1541/543 2324/1538/543
f 2328/1542/545 2325/1543/544 2326/1540/544
f 2330/1544/546 2327/1545/545 2328/1542/545
f 2332/1546/547 2329/1547/546 2330/1544/546
f 2334/1548/548 2331/1549/547 2332/1546/547
f 2336/1550/549 2333/1551/548 2334/1548/548
f 2338/1552/550 2335/1553/549 2336/1550/549
f 2340/1554/167 2337/1555/550 2338/1552/550
f 2342/1556/497 2339/1557/167 2340/1554/167
f 2344/1558/551 2341/1559/497 2342/1556/497
f 2346/1560/166 2343/1561/551 2344/1558/551
f 2134/943/450 2345/1562/166 2346/1560/166
f 2350/1563/552 2347/84/553 2348/631/553
f 2352/1279/554 2349/1564/552 2350/1563/552
f 2354/1565/555 2351/1281/554 2352/1279/554
f 2356/1280/556 2353/1566/555 2354/1565/555
f 2358/1567/557 2355/1283/556 2356/1280/556
f 2360/1282/558 2357/1568/557 2358/1567/557
f 2362/1569/559 2359/1285/558 2360/1282/558
f 2364/1284/560 2361/1570/559 2362/1569/559
f 2366/1571/561 2363/1287/560 2364/1284/560
f 2368/1286/562 2365/1572/561 2366/1571/561
f 2370/1573/563 2367/1289/562 2368/1286/562
f 2372/1288/564 2369/1574/563 2370/1573/563
f 2374/1575/565 2371/1291/564 2372/1288/564
f 2376/1290/566 2373/1576/565 2374/1575/565
f 2378/1577/567 2375/1293/566 2376/1290/566
f 2380/1292/568 2377/1578/567 2378/1577/567
f 2382/1579/569 2379/1295/568 2380/1292/568
f 2384/1294/570 2381/1580/569 2382/1579/569
f 2386/1581/571 2383/1297/570 2384/1294/570
f 2388/1296/572 2385/1582/571 2386/1581/571
f 2390/1583/573 2387/1299/572 2388/1296/572
f 2392/1298/574 2389/1584/573 2390/1583/573
f 2394/1585/575 2391/1301/574 2392/1298/574
f 2396/1300/576 2393/1586/575 2394/1585/575
f 2398/1587/577 2395/1303/576 2396/1300/576
f 2400/1302/578 2397/1588/577 2398/1587/577
f 2402/1589/579 2399/1305/578 2400/1302/578
f 2404/1304/580 2401/1590/579 2402/1589/579
f 2406/1591/581 2403/1307/580 2404/1304/580
f 2408/1306/582 2405/1592/581 2406/1591/581
f 2410/1593/454 2407/1309/582 2408/1306/582
f 2412/1308/583 2409/1594/454 2410/1593/454
f 2414/1595/584 2411/1311/583 2412/1308/583
f 2416/1310/585 2413/1596/584 2414/1595/584
f 2418/1597/586 2415/1313/585 2416/1310/585
f 2420/1312/587 2417/1598/586 2418/1597/586
f 2422/786/588 2419/1315/587 2420/1312/587
f 2424/1314/589 2421/53/588 2422/786/588
f 2426/1599/590 2423/1317/589 2424/1314/589
f 2428/1316/591 2425/1600/590 2426/1599/590
f 2430/1601/592 2427/1319/591 2428/1316/591
f 2432/1318/593 2429/1602/592 2430/1601/592
f 2434/1603/594 2431/1321/593 2432/1318/593
f 2436/1320/595 2433/1604/594 2434/1603/594
f 2438/1605/596 2435/1323/595 2436/1320/595
f 2440/1322/597 2437/1606/596 2438/1605/596
f 2442/1607/598 2439/1325/599 2440/1322/597
f 2444/1324/600 2441/1608/598 2442/1607/598
f 2446/1609/601 2443/1327/600 2444/1324/600
f 2448/1326/602 2445/1610/601 2446/1609/601
f 2450/1611/603 2447/1329/602 2448/1326/602
f 2452/1328/604 2449/1612/603 2450/1611/603
f 2454/1613/605 2451/1331/604 2452/1328/604
f 2456/1330/606 2453/1614/605 2454/1613/605
f 2458/1615/607 2455/1333/606 2456/1330/606
f 2460/1332/608 2457/1616/607 2458/1615/607
f 2462/1617/609 2459/1335/608 2460/1332/608
f 2464/1334/610 2461/1618/609 2462/1617/609
f 2466/1619/611 2463/1337/610 2464/1334/610
f 2468/1336/612 2465/1620/611 2466/1619/611
f 2470/1621/613 2467/1339/612 2468/1336/612
f 2472/1338/614 2469/1622/613 2470/1621/613
f 2474/1623/615 2471/1341/614 2472/1338/614
f 2476/1340/616 2473/1624/615 2474/1623/615
f 2478/1625/617 2475/1343/616 2476/1340/616
f 2480/1342/618 2477/1626/617 2478/1625/617
f 2482/1627/619 2479/1345/618 2480/1342/618
f 2484/1344/620 2481/1628/619 2482/1627/619
f 2486/1629/621 2483/1347/620 2484/1344/620
f 2488/1346/622 2485/1630/621 2486/1629/621
f 2490/1631/623 2487/1349/622 2488/1346/622
f 2492/1348/624 2489/1632/623 2490/1631/623
f 2494/1633/625 2491/1350/626 2492/1348/624
f 2348/943/553 2493/1634/625 2494/1633/625
f 2498/1635/627 2495/84/628 2496/631/628
f 2500/1636/113 2497/1637/629 2498/1635/627
f 2502/1638/630 2499/1639/113 2500/1636/113
f 2504/1640/631 2501/1641/630 2502/1638/630
f 2506/692/632 2503/1642/631 2504/1640/631
f 2508/1643/633 2505/539/632 2506/692/632
f 2510/1644/634 2507/1645/633 2508/1643/633
f 2512/1646/635 2509/1647/636 2510/1644/634
f 2514/1648/637 2511/1649/635 2512/1646/635
f 2516/755/638 2513/1650/637 2514/1648/637
f 2518/1651/639 2515/524/638 2516/755/638
f 2520/1652/640 2517/1653/639 2518/1651/639
f 2522/1654/641 2519/1655/640 2520/1652/640
f 2524/1656/642 2521/1657/641 2522/1654/641
f 2526/817/643 2523/1658/642 2524/1656/642
f 2528/1659/644 2525/382/643 2526/817/643
f 2530/1660/645 2527/1661/644 2528/1659/644
f 2532/1662/646 2529/1663/645 2530/1660/645
f 2534/1664/647 2531/1665/648 2532/1662/646
f 2536/880/649 2533/1666/647 2534/1664/647
f 2538/1667/650 2535/395/651 2536/880/649
f 2540/1668/652 2537/1669/650 2538/1667/650
f 2542/1670/653 2539/1671/652 2540/1668/652
f 2544/1672/654 2541/1673/653 2542/1670/653
f 2496/943/628 2543/1674/655 2544/1672/654
f 1276/630/3 1275/633/3 1273/84/4
f 1278/632/5 1277/635/5 1275/633/3
f 1280/634/6 1279/637/6 1277/635/5
f 1282/636/7 1281/639/7 1279/637/6
f 1284/638/8 1283/641/10 1281/639/7
f 1286/640/9 1285/643/9 1283/641/10
f 1288/642/11 1287/645/11 1285/643/9
f 1290/644/12 1289/647/12 1287/645/11
f 1292/646/13 1291/649/13 1289/647/12
f 1294/648/14 1293/651/14 1291/649/13
f 1296/650/15 1295/653/17 1293/651/14
f 1298/652/16 1297/655/16 1295/653/17
f 1300/654/18 1299/657/18 1297/655/16
f 1302/656/19 1301/659/19 1299/657/18
f 1304/658/20 1303/661/20 1301/659/19
f 1306/660/21 1305/663/21 1303/661/20
f 1308/662/22 1307/665/22 1305/663/21
f 1310/664/23 1309/667/23 1307/665/22
f 1312/666/24 1311/669/24 1309/667/23
f 1314/668/25 1313/671/25 1311/669/24
f 1316/670/26 1315/673/26 1313/671/25
f 1318/672/27 1317/675/27 1315/673/26
f 1320/674/28 1319/677/28 1317/675/27
f 1322/676/29 1321/679/29 1319/677/28
f 1324/678/30 1323/681/32 1321/679/29
f 1326/680/31 1325/683/31 1323/681/32
f 1328/682/33 1327/685/33 1325/683/31
f 1330/684/34 1329/687/34 1327/685/33
f 1332/686/35 1331/689/35 1329/687/34
f 1334/688/36 1333/691/36 1331/689/35
f 1336/690/37 1335/693/37 1333/691/36
f 1338/692/38 1337/539/38 1335/693/37
f 1340/694/39 1339/696/39 1337/539/38
f 1342/695/40 1341/698/40 1339/696/39
f 1344/697/41 1343/700/41 1341/698/40
f 1346/699/42 1345/702/42 1343/700/41
f 1348/701/43 1347/704/43 1345/702/42
f 1350/703/44 1349/706/44 1347/704/43
f 1352/705/45 1351/708/45 1349/706/44
f 1354/707/46 1353/710/46 1351/708/45
f 1356/709/47 1355/712/47 1353/710/46
f 1358/711/48 1357/714/48 1355/712/47
f 1360/713/49 1359/716/49 1357/714/48
f 1362/715/50 1361/718/50 1359/716/49
f 1364/717/51 1363/720/51 1361/718/50
f 1366/719/52 1365/722/52 1363/720/51
f 1368/721/53 1367/724/53 1365/722/52
f 1370/723/54 1369/726/54 1367/724/53
f 1372/725/55 1371/728/55 1369/726/54
f 1374/727/56 1373/730/56 1371/728/55
f 1376/729/57 1375/732/57 1373/730/56
f 1378/731/58 1377/734/58 1375/732/57
f 1380/733/59 1379/736/61 1377/734/58
f 1382/735/60 1381/738/60 1379/736/61
f 1384/737/62 1383/740/62 1381/738/60
f 1386/739/63 1385/742/63 1383/740/62
f 1388/741/64 1387/744/64 1385/742/63
f 1390/743/65 1389/746/65 1387/744/64
f 1392/745/66 1391/748/66 1389/746/65
f 1394/747/67 1393/750/67 1391/748/66
f 1396/749/68 1395/752/68 1393/750/67
f 1398/751/69 1397/754/69 1395/752/68
f 1400/753/70 1399/756/72 1397/754/69
f 1402/755/71 1401/524/71 1399/756/72
f 1404/757/73 1403/759/73 1401/524/71
f 1406/758/74 1405/761/74 1403/759/73
f 1408/760/75 1407/763/75 1405/761/74
f 1410/762/76 1409/765/76 1407/763/75
f 1412/764/77 1411/767/77 1409/765/76
f 1414/766/78 1413/769/78 1411/767/77
f 1416/768/79 1415/771/79 1413/769/78
f 1418/770/80 1417/773/80 1415/771/79
f 1420/772/81 1419/775/81 1417/773/80
f 1422/774/82 1421/777/82 1419/775/81
f 1424/776/83 1423/779/83 1421/777/82
f 1426/778/84 1425/781/84 1423/779/83
f 1428/780/85 1427/783/85 1425/781/84
f 1430/782/86 1429/785/86 1427/783/85
f 1432/784/87 1431/787/87 1429/785/86
f 1434/786/88 1433/53/88 1431/787/87
f 1436/788/89 1435/790/89 1433/53/88
f 1438/789/90 1437/792/90 1435/790/89
f 1440/791/91 1439/794/91 1437/792/90
f 1442/793/92 1441/796/92 1439/794/91
f 1444/795/93 1443/798/93 1441/796/92
f 1446/797/94 1445/800/94 1443/798/93
f 1448/799/95 1447/802/95 1445/800/94
f 1450/801/96 1449/804/96 1447/802/95
f 1452/803/97 1451/806/97 1449/804/96
f 1454/805/98 1453/808/98 1451/806/97
f 1456/807/99 1455/810/99 1453/808/98
f 1458/809/100 1457/812/100 1455/810/99
f 1460/811/101 1459/814/101 1457/812/100
f 1462/813/102 1461/816/102 1459/814/101
f 1464/815/103 1463/818/103 1461/816/102
f 1466/817/104 1465/382/104 1463/818/103
f 1468/819/105 1467/821/105 1465/382/104
f 1470/820/106 1469/823/106 1467/821/105
f 1472/822/107 1471/825/107 1469/823/106
f 1474/824/108 1473/827/108 1471/825/107
f 1476/826/109 1475/829/109 1473/827/108
f 1478/828/110 1477/831/110 1475/829/109
f 1480/830/111 1479/833/111 1477/831/110
f 1482/832/112 1481/835/112 1479/833/111
f 1484/834/113 1483/837/113 1481/835/112
f 1486/836/114 1485/839/114 1483/837/113
f 1488/838/115 1487/841/115 1485/839/114
f 1490/840/116 1489/843/116 1487/841/115
f 1492/842/117 1491/845/117 1489/843/116
f 1494/844/118 1493/847/118 1491/845/117
f 1496/846/119 1495/849/119 1493/847/118
f 1498/848/120 1497/851/120 1495/849/119
f 1500/850/121 1499/853/121 1497/851/120
f 1502/852/122 1501/855/122 1499/853/121
f 1504/854/123 1503/857/123 1501/855/122
f 1506/856/124 1505/859/124 1503/857/123
f 1508/858/125 1507/861/125 1505/859/124
f 1510/860/126 1509/863/126 1507/861/125
f 1512/862/127 1511/865/127 1509/863/126
f 1514/864/128 1513/867/128 1511/865/127
f 1516/866/129 1515/869/129 1513/867/128
f 1518/868/130 1517/871/130 1515/869/129
f 1520/870/131 1519/873/131 1517/871/130
f 1522/872/132 1521/875/132 1519/873/131
f 1524/874/133 1523/877/133 1521/875/132
f 1526/876/134 1525/879/134 1523/877/133
f 1528/878/135 1527/881/135 1525/879/134
f 1530/880/136 1529/395/136 1527/881/135
f 1532/882/137 1531/884/137 1529/395/136
f 1534/883/138 1533/886/138 1531/884/137
f 1536/885/139 1535/888/139 1533/886/138
f 1538/887/140 1537/890/140 1535/888/139
f 1540/889/141 1539/892/141 1537/890/140
f 1542/891/142 1541/894/142 1539/892/141
f 1544/893/143 1543/896/143 1541/894/142
f 1546/895/144 1545/898/144 1543/896/143
f 1548/897/145 1547/900/145 1545/898/144
f 1550/899/146 1549/902/146 1547/900/145
f 1552/901/147 1551/904/147 1549/902/146
f 1554/903/148 1553/906/148 1551/904/147
f 1556/905/149 1555/908/149 1553/906/148
f 1558/907/150 1557/910/150 1555/908/149
f 1560/909/151 1559/912/151 1557/910/150
f 1562/911/152 1561/914/152 1559/912/151
f 1564/913/153 1563/916/153 1561/914/152
f 1566/915/154 1565/918/154 1563/916/153
f 1568/917/155 1567/920/155 1565/918/154
f 1570/919/156 1569/922/156 1567/920/155
f 1572/921/157 1571/924/157 1569/922/156
f 1574/923/158 1573/926/158 1571/924/157
f 1576/925/159 1575/928/159 1573/926/158
f 1578/927/160 1577/930/160 1575/928/159
f 1580/929/161 1579/932/161 1577/930/160
f 1582/931/162 1581/934/162 1579/932/161
f 1584/933/163 1583/936/163 1581/934/162
f 1586/935/164 1585/938/164 1583/936/163
f 1588/937/165 1587/940/165 1585/938/164
f 1590/939/166 1589/942/166 1587/940/165
f 1592/941/167 1591/944/167 1589/942/166
f 1274/943/4 1273/48/4 1591/944/167
f 1596/945/168 1595/947/168 1593/84/169
f 1598/946/170 1597/948/170 1595/947/168
f 1600/648/171 1599/651/171 1597/948/170
f 1602/949/172 1601/951/172 1599/651/171
f 1604/950/173 1603/952/173 1601/951/172
f 1606/668/174 1605/671/174 1603/952/173
f 1608/953/175 1607/955/175 1605/671/174
f 1610/954/176 1609/956/176 1607/955/175
f 1612/688/177 1611/691/177 1609/956/176
f 1614/957/178 1613/959/178 1611/691/177
f 1616/958/179 1615/960/179 1613/959/178
f 1618/707/180 1617/710/180 1615/960/179
f 1620/961/181 1619/963/181 1617/710/180
f 1622/962/182 1621/964/182 1619/963/181
f 1624/727/183 1623/730/183 1621/964/182
f 1626/965/184 1625/577/184 1623/730/183
f 1628/966/185 1627/967/185 1625/577/184
f 1630/747/186 1629/750/186 1627/967/185
f 1632/968/187 1631/970/187 1629/750/186
f 1634/969/188 1633/971/188 1631/970/187
f 1636/766/189 1635/769/189 1633/971/188
f 1638/972/190 1637/974/190 1635/769/189
f 1640/973/191 1639/975/193 1637/974/190
f 1642/786/192 1641/53/192 1639/975/193
f 1644/976/194 1643/978/194 1641/53/192
f 1646/977/195 1645/979/195 1643/978/194
f 1648/805/196 1647/808/196 1645/979/195
f 1650/980/197 1649/982/197 1647/808/196
f 1652/981/198 1651/983/198 1649/982/197
f 1654/824/199 1653/827/199 1651/983/198
f 1656/984/200 1655/986/200 1653/827/199
f 1658/985/201 1657/422/203 1655/986/200
f 1660/844/202 1659/847/202 1657/422/203
f 1662/987/204 1661/989/204 1659/847/202
f 1664/988/205 1663/990/205 1661/989/204
f 1666/864/206 1665/867/206 1663/990/205
f 1668/991/207 1667/993/207 1665/867/206
f 1670/992/208 1669/994/208 1667/993/207
f 1672/883/209 1671/886/209 1669/994/208
f 1674/995/210 1673/997/210 1671/886/209
f 1676/996/211 1675/998/211 1673/997/210
f 1678/903/212 1677/906/212 1675/998/211
f 1680/999/213 1679/1001/213 1677/906/212
f 1682/1000/214 1681/1002/214 1679/1001/213
f 1684/923/215 1683/926/215 1681/1002/214
f 1686/1003/216 1685/1005/216 1683/926/215
f 1688/1004/217 1687/1006/217 1685/1005/216
f 1594/943/169 1593/48/169 1687/1006/217
f 1692/945/218 1691/947/218 1689/84/219
f 1694/946/220 1693/948/220 1691/947/218
f 1696/648/221 1695/651/221 1693/948/220
f 1698/949/222 1697/951/222 1695/651/221
f 1700/950/223 1699/952/223 1697/951/222
f 1702/668/224 1701/671/224 1699/952/223
f 1704/953/225 1703/955/225 1701/671/224
f 1706/954/226 1705/956/226 1703/955/225
f 1708/688/227 1707/691/227 1705/956/226
f 1710/957/228 1709/959/228 1707/691/227
f 1712/958/229 1711/960/229 1709/959/228
f 1714/707/230 1713/710/230 1711/960/229
f 1716/961/231 1715/963/231 1713/710/230
f 1718/962/232 1717/964/232 1715/963/231
f 1720/727/233 1719/730/233 1717/964/232
f 1722/965/234 1721/577/234 1719/730/233
f 1724/966/235 1723/967/235 1721/577/234
f 1726/747/236 1725/750/236 1723/967/235
f 1728/968/237 1727/970/237 1725/750/236
f 1730/969/238 1729/971/238 1727/970/237
f 1732/766/239 1731/769/239 1729/971/238
f 1734/972/240 1733/974/240 1731/769/239
f 1736/973/241 1735/975/241 1733/974/240
f 1738/786/242 1737/53/242 1735/975/241
f 1740/976/243 1739/978/243 1737/53/242
f 1742/977/244 1741/979/244 1739/978/243
f 1744/805/245 1743/808/245 1741/979/244
f 1746/980/246 1745/982/246 1743/808/245
f 1748/981/247 1747/983/247 1745/982/246
f 1750/824/248 1749/827/248 1747/983/247
f 1752/984/249 1751/986/249 1749/827/248
f 1754/985/250 1753/422/250 1751/986/249
f 1756/844/251 1755/847/251 1753/422/250
f 1758/987/252 1757/989/252 1755/847/251
f 1760/988/253 1759/990/253 1757/989/252
f 1762/864/254 1761/867/254 1759/990/253
f 1764/991/255 1763/993/255 1761/867/254
f 1766/992/256 1765/994/256 1763/993/255
f 1768/883/257 1767/886/257 1765/994/256
f 1770/995/258 1769/997/258 1767/886/257
f 1772/996/259 1771/998/259 1769/997/258
f 1774/903/260 1773/906/260 1771/998/259
f 1776/999/261 1775/1001/261 1773/906/260
f 1778/1000/262 1777/1002/262 1775/1001/261
f 1780/923/263 1779/926/263 1777/1002/262
f 1782/1003/264 1781/1005/264 1779/926/263
f 1784/1004/265 1783/1006/265 1781/1005/264
f 1690/943/219 1689/48/219 1783/1006/265
f 1788/1007/266 1787/1009/266 1785/84/267
f 1790/1008/268 1789/1011/268 1787/1009/266
f 1792/1010/269 1791/1013/269 1789/1011/268
f 1794/1012/270 1793/1015/270 1791/1013/269
f 1796/1014/271 1795/1017/271 1793/1015/270
f 1798/1016/272 1797/1019/272 1795/1017/271
f 1800/1018/273 1799/1021/273 1797/1019/272
f 1802/1020/274 1801/1023/274 1799/1021/273
f 1804/1022/275 1803/1025/275 1801/1023/274
f 1806/1024/276 1805/1027/276 1803/1025/275
f 1808/1026/277 1807/1029/277 1805/1027/276
f 1810/1028/278 1809/1031/278 1807/1029/277
f 1812/1030/279 1811/1033/279 1809/1031/278
f 1814/1032/280 1813/1035/280 1811/1033/279
f 1816/1034/281 1815/1037/281 1813/1035/280
f 1818/1036/282 1817/1039/282 1815/1037/281
f 1820/1038/283 1819/1041/283 1817/1039/282
f 1822/1040/284 1821/1043/284 1819/1041/283
f 1824/1042/285 1823/1045/285 1821/1043/284
f 1826/1044/286 1825/1047/286 1823/1045/285
f 1828/1046/287 1827/1049/287 1825/1047/286
f 1830/1048/288 1829/1051/288 1827/1049/287
f 1832/1050/289 1831/1053/289 1829/1051/288
f 1834/1052/290 1833/1055/290 1831/1053/289
f 1836/1054/291 1835/1057/291 1833/1055/290
f 1838/1056/292 1837/1059/292 1835/1057/291
f 1840/1058/293 1839/1061/293 1837/1059/292
f 1842/1060/294 1841/1063/294 1839/1061/293
f 1844/1062/295 1843/1065/295 1841/1063/294
f 1846/1064/296 1845/1067/296 1843/1065/295
f 1848/1066/297 1847/1069/297 1845/1067/296
f 1850/1068/298 1849/1071/298 1847/1069/297
f 1852/1070/299 1851/1073/299 1849/1071/298
f 1854/1072/300 1853/1075/300 1851/1073/299
f 1856/1074/301 1855/1077/301 1853/1075/300
f 1858/1076/302 1857/1079/302 1855/1077/301
f 1860/1078/303 1859/1081/303 1857/1079/302
f 1862/1080/304 1861/1083/304 1859/1081/303
f 1864/1082/305 1863/1085/305 1861/1083/304
f 1866/1084/306 1865/1087/306 1863/1085/305
f 1868/1086/307 1867/1089/307 1865/1087/306
f 1870/1088/308 1869/1091/308 1867/1089/307
f 1872/1090/309 1871/1093/309 1869/1091/308
f 1874/1092/310 1873/1095/310 1871/1093/309
f 1876/1094/311 1875/1097/311 1873/1095/310
f 1878/1096/312 1877/1099/312 1875/1097/311
f 1880/1098/313 1879/1101/313 1877/1099/312
f 1882/1100/314 1881/1103/314 1879/1101/313
f 1884/1102/315 1883/1105/315 1881/1103/314
f 1886/1104/316 1885/1107/316 1883/1105/315
f 1888/1106/317 1887/1109/317 1885/1107/316
f 1890/1108/318 1889/1111/318 1887/1109/317
f 1892/1110/319 1891/1113/319 1889/1111/318
f 1894/1112/320 1893/1115/320 1891/1113/319
f 1896/1114/321 1895/1117/321 1893/1115/320
f 1898/1116/322 1897/1119/322 1895/1117/321
f 1900/1118/323 1899/1121/323 1897/1119/322
f 1902/1120/324 1901/1123/324 1899/1121/323
f 1904/1122/325 1903/1125/325 1901/1123/324
f 1906/1124/326 1905/1127/326 1903/1125/325
f 1908/1126/327 1907/1129/327 1905/1127/326
f 1910/1128/328 1909/1131/328 1907/1129/327
f 1912/1130/329 1911/1133/329 1909/1131/328
f 1914/1132/330 1913/1135/330 1911/1133/329
f 1916/1134/331 1915/1137/333 1913/1135/330
f 1918/1136/332 1917/1139/335 1915/1137/333
f 1920/1138/334 1919/1141/337 1917/1139/335
f 1922/1140/336 1921/1143/336 1919/1141/337
f 1924/1142/338 1923/1145/338 1921/1143/336
f 1926/1144/339 1925/1147/339 1923/1145/338
f 1928/1146/340 1927/1149/340 1925/1147/339
f 1930/1148/341 1929/1151/341 1927/1149/340
f 1932/1150/342 1931/1153/342 1929/1151/341
f 1934/1152/343 1933/1155/343 1931/1153/342
f 1936/1154/344 1935/1157/344 1933/1155/343
f 1938/1156/345 1937/1159/345 1935/1157/344
f 1940/1158/346 1939/1161/346 1937/1159/345
f 1942/1160/347 1941/1163/347 1939/1161/346
f 1944/1162/348 1943/1165/348 1941/1163/347
f 1946/1164/349 1945/1167/349 1943/1165/348
f 1948/1166/350 1947/1169/350 1945/1167/349
f 1950/1168/351 1949/1171/351 1947/1169/350
f 1952/1170/352 1951/1173/352 1949/1171/351
f 1954/1172/353 1953/1175/353 1951/1173/352
f 1956/1174/354 1955/1177/354 1953/1175/353
f 1958/1176/355 1957/1179/355 1955/1177/354
f 1960/1178/356 1959/1181/356 1957/1179/355
f 1962/1180/357 1961/1183/357 1959/1181/356
f 1964/1182/358 1963/1185/358 1961/1183/357
f 1966/1184/359 1965/1187/359 1963/1185/358
f 1968/1186/360 1967/1189/360 1965/1187/359
f 1970/1188/361 1969/1191/361 1967/1189/360
f 1972/1190/362 1971/1193/362 1969/1191/361
f 1974/1192/363 1973/1195/363 1971/1193/362
f 1976/1194/364 1975/1197/364 1973/1195/363
f 1978/1196/365 1977/1199/365 1975/1197/364
f 1980/1198/366 1979/1201/366 1977/1199/365
f 1982/1200/367 1981/1203/367 1979/1201/366
f 1984/1202/368 1983/1205/368 1981/1203/367
f 1986/1204/369 1985/1207/369 1983/1205/368
f 1988/1206/370 1987/1209/370 1985/1207/369
f 1990/1208/371 1989/1211/371 1987/1209/370
f 1992/1210/372 1991/1213/372 1989/1211/371
f 1994/1212/373 1993/1215/373 1991/1213/372
f 1996/1214/374 1995/1217/374 1993/1215/373
f 1998/1216/375 1997/1219/375 1995/1217/374
f 2000/1218/376 1999/1221/376 1997/1219/375
f 2002/1220/377 2001/1223/377 1999/1221/376
f 2004/1222/378 2003/1225/378 2001/1223/377
f 2006/1224/379 2005/1227/379 2003/1225/378
f 2008/1226/380 2007/1229/380 2005/1227/379
f 2010/1228/381 2009/1231/381 2007/1229/380
f 2012/1230/382 2011/1233/382 2009/1231/381
f 2014/1232/383 2013/1235/383 2011/1233/382
f 2016/1234/384 2015/1237/386 2013/1235/383
f 2018/1236/385 2017/1239/388 2015/1237/386
f 2020/1238/387 2019/1241/387 2017/1239/388
f 2022/1240/389 2021/1243/391 2019/1241/387
f 2024/1242/390 2023/1245/393 2021/1243/391
f 2026/1244/392 2025/1247/392 2023/1245/393
f 2028/1246/394 2027/1249/394 2025/1247/392
f 2030/1248/395 2029/1251/395 2027/1249/394
f 2032/1250/396 2031/1253/396 2029/1251/395
f 2034/1252/397 2033/1255/397 2031/1253/396
f 2036/1254/398 2035/1257/398 2033/1255/397
f 2038/1256/399 2037/1259/401 2035/1257/398
f 2040/1258/400 2039/1261/400 2037/1259/401
f 2042/1260/402 2041/1263/402 2039/1261/400
f 2044/1262/403 2043/1265/403 2041/1263/402
f 2046/1264/404 2045/1267/404 2043/1265/403
f 2048/1266/405 2047/1269/405 2045/1267/404
f 2050/1268/406 2049/1271/406 2047/1269/405
f 2052/1270/407 2051/1273/407 2049/1271/406
f 2054/1272/408 2053/1275/408 2051/1273/407
f 2056/1274/409 2055/1277/409 2053/1275/408
f 2058/1276/410 2057/1278/410 2055/1277/409
f 1786/943/267 1785/48/267 2057/1278/410
f 2062/1279/411 2061/1281/411 2059/84/412
f 2064/1280/413 2063/1283/413 2061/1281/411
f 2066/1282/414 2065/1285/414 2063/1283/413
f 2068/1284/415 2067/1287/415 2065/1285/414
f 2070/1286/416 2069/1289/416 2067/1287/415
f 2072/1288/417 2071/1291/417 2069/1289/416
f 2074/1290/418 2073/1293/418 2071/1291/417
f 2076/1292/419 2075/1295/419 2073/1293/418
f 2078/1294/420 2077/1297/420 2075/1295/419
f 2080/1296/421 2079/1299/421 2077/1297/420
f 2082/1298/422 2081/1301/422 2079/1299/421
f 2084/1300/423 2083/1303/423 2081/1301/422
f 2086/1302/424 2085/1305/424 2083/1303/423
f 2088/1304/425 2087/1307/425 2085/1305/424
f 2090/1306/426 2089/1309/426 2087/1307/425
f 2092/1308/427 2091/1311/427 2089/1309/426
f 2094/1310/428 2093/1313/428 2091/1311/427
f 2096/1312/429 2095/1315/429 2093/1313/428
f 2098/1314/430 2097/1317/430 2095/1315/429
f 2100/1316/431 2099/1319/433 2097/1317/430
f 2102/1318/432 2101/1321/432 2099/1319/433
f 2104/1320/434 2103/1323/434 2101/1321/432
f 2106/1322/435 2105/1325/435 2103/1323/434
f 2108/1324/436 2107/1327/436 2105/1325/435
f 2110/1326/437 2109/1329/437 2107/1327/436
f 2112/1328/438 2111/1331/438 2109/1329/437
f 2114/1330/439 2113/1333/439 2111/1331/438
f 2116/1332/440 2115/1335/440 2113/1333/439
f 2118/1334/441 2117/1337/441 2115/1335/440
f 2120/1336/442 2119/1339/442 2117/1337/441
f 2122/1338/443 2121/1341/443 2119/1339/442
f 2124/1340/444 2123/1343/444 2121/1341/443
f 2126/1342/445 2125/1345/445 2123/1343/444
f 2128/1344/446 2127/1347/446 2125/1345/445
f 2130/1346/447 2129/1349/447 2127/1347/446
f 2132/1348/448 2131/1350/448 2129/1349/447
f 2060/943/412 2059/48/412 2131/1350/448
f 2136/1351/449 2135/1353/449 2133/84/450
f 2138/1352/451 2137/1355/451 2135/1353/449
f 2140/1354/452 2139/1357/452 2137/1355/451
f 2142/1356/453 2141/1359/453 2139/1357/452
f 2144/1358/454 2143/1361/454 2141/1359/453
f 2146/1360/455 2145/1363/455 2143/1361/454
f 2148/1362/456 2147/1365/456 2145/1363/455
f 2150/1364/457 2149/1367/457 2147/1365/456
f 2152/1366/458 2151/1369/458 2149/1367/457
f 2154/1368/459 2153/1371/459 2151/1369/458
f 2156/1370/460 2155/1373/460 2153/1371/459
f 2158/1372/461 2157/1375/461 2155/1373/460
f 2160/1374/462 2159/1377/462 2157/1375/461
f 2162/1376/463 2161/1379/463 2159/1377/462
f 2164/1378/464 2163/1381/464 2161/1379/463
f 2166/1380/465 2165/1383/465 2163/1381/464
f 2168/1382/466 2167/1385/466 2165/1383/465
f 2170/1384/467 2169/1387/467 2167/1385/466
f 2172/1386/468 2171/1389/468 2169/1387/467
f 2174/1388/469 2173/1391/469 2171/1389/468
f 2176/1390/470 2175/1393/470 2173/1391/469
f 2178/1392/471 2177/1395/471 2175/1393/470
f 2180/1394/472 2179/1397/472 2177/1395/471
f 2182/1396/473 2181/1399/473 2179/1397/472
f 2184/1398/474 2183/1401/474 2181/1399/473
f 2186/1400/475 2185/1403/475 2183/1401/474
f 2188/1402/476 2187/1405/476 2185/1403/475
f 2190/1404/477 2189/1407/477 2187/1405/476
f 2192/1406/478 2191/1409/478 2189/1407/477
f 2194/1408/479 2193/1411/479 2191/1409/478
f 2196/1410/480 2195/1413/480 2193/1411/479
f 2198/1412/481 2197/1415/481 2195/1413/480
f 2200/1414/482 2199/1417/482 2197/1415/481
f 2202/1416/483 2201/1419/483 2199/1417/482
f 2204/1418/484 2203/1421/484 2201/1419/483
f 2206/1420/367 2205/1423/367 2203/1421/484
f 2208/1422/485 2207/1425/485 2205/1423/367
f 2210/1424/486 2209/1427/486 2207/1425/485
f 2212/1426/487 2211/1429/487 2209/1427/486
f 2214/1428/488 2213/1431/488 2211/1429/487
f 2216/1430/489 2215/1433/489 2213/1431/488
f 2218/1432/490 2217/1435/490 2215/1433/489
f 2220/1434/491 2219/1437/491 2217/1435/490
f 2222/1436/492 2221/1439/492 2219/1437/491
f 2224/1438/493 2223/1441/493 2221/1439/492
f 2226/1440/494 2225/1443/494 2223/1441/493
f 2228/1442/495 2227/1445/495 2225/1443/494
f 2230/1444/496 2229/1447/496 2227/1445/495
f 2232/1446/167 2231/1449/167 2229/1447/496
f 2234/1448/497 2233/1451/497 2231/1449/167
f 2236/1450/498 2235/1453/500 2233/1451/497
f 2238/1452/499 2237/1455/499 2235/1453/500
f 2240/1454/501 2239/1457/501 2237/1455/499
f 2242/1456/502 2241/1459/502 2239/1457/501
f 2244/1458/503 2243/1461/503 2241/1459/502
f 2246/1460/504 2245/1463/504 2243/1461/503
f 2248/1462/505 2247/1465/505 2245/1463/504
f 2250/1464/506 2249/1467/506 2247/1465/505
f 2252/1466/507 2251/1469/507 2249/1467/506
f 2254/1468/508 2253/1471/508 2251/1469/507
f 2256/1470/509 2255/1473/511 2253/1471/508
f 2258/1472/510 2257/1475/510 2255/1473/511
f 2260/1474/512 2259/1477/512 2257/1475/510
f 2262/1476/513 2261/1479/513 2259/1477/512
f 2264/1478/514 2263/1481/514 2261/1479/513
f 2266/1480/515 2265/1483/515 2263/1481/514
f 2268/1482/516 2267/1485/516 2265/1483/515
f 2270/1484/517 2269/1487/517 2267/1485/516
f 2272/1486/518 2271/1489/518 2269/1487/517
f 2274/1488/519 2273/1491/519 2271/1489/518
f 2276/1490/520 2275/1493/520 2273/1491/519
f 2278/1492/521 2277/1495/521 2275/1493/520
f 2280/1494/522 2279/1497/522 2277/1495/521
f 2282/1496/523 2281/1499/523 2279/1497/522
f 2284/1498/524 2283/1501/524 2281/1499/523
f 2286/1500/167 2285/1503/167 2283/1501/524
f 2288/1502/497 2287/1505/497 2285/1503/167
f 2290/1504/525 2289/1507/525 2287/1505/497
f 2292/1506/328 2291/1509/328 2289/1507/525
f 2294/1508/526 2293/1511/526 2291/1509/328
f 2296/1510/527 2295/1513/527 2293/1511/526
f 2298/1512/528 2297/1515/528 2295/1513/527
f 2300/1514/529 2299/1517/529 2297/1515/528
f 2302/1516/530 2301/1519/530 2299/1517/529
f 2304/1518/531 2303/1521/533 2301/1519/530
f 2306/1520/532 2305/1523/535 2303/1521/533
f 2308/1522/534 2307/1525/534 2305/1523/535
f 2310/1524/536 2309/1527/536 2307/1525/534
f 2312/1526/537 2311/1529/537 2309/1527/536
f 2314/1528/538 2313/1531/538 2311/1529/537
f 2316/1530/539 2315/1533/539 2313/1531/538
f 2318/1532/540 2317/1535/540 2315/1533/539
f 2320/1534/541 2319/1537/541 2317/1535/540
f 2322/1536/542 2321/1539/542 2319/1537/541
f 2324/1538/543 2323/1541/543 2321/1539/542
f 2326/1540/544 2325/1543/544 2323/1541/543
f 2328/1542/545 2327/1545/545 2325/1543/544
f 2330/1544/546 2329/1547/546 2327/1545/545
f 2332/1546/547 2331/1549/547 2329/1547/546
f 2334/1548/548 2333/1551/548 2331/1549/547
f 2336/1550/549 2335/1553/549 2333/1551/548
f 2338/1552/550 2337/1555/550 2335/1553/549
f 2340/1554/167 2339/1557/167 2337/1555/550
f 2342/1556/497 2341/1559/497 2339/1557/167
f 2344/1558/551 2343/1561/551 2341/1559/497
f 2346/1560/166 2345/1562/166 2343/1561/551
f 2134/943/450 2133/48/450 2345/1562/166
f 2350/1563/552 2349/1564/552 2347/84/553
f 2352/1279/554 2351/1281/554 2349/1564/552
f 2354/1565/555 2353/1566/555 2351/1281/554
f 2356/1280/556 2355/1283/556 2353/1566/555
f 2358/1567/557 2357/1568/557 2355/1283/556
f 2360/1282/558 2359/1285/558 2357/1568/557
f 2362/1569/559 2361/1570/559 2359/1285/558
f 2364/1284/560 2363/1287/560 2361/1570/559
f 2366/1571/561 2365/1572/561 2363/1287/560
f 2368/1286/562 2367/1289/562 2365/1572/561
f 2370/1573/563 2369/1574/563 2367/1289/562
f 2372/1288/564 2371/1291/564 2369/1574/563
f 2374/1575/565 2373/1576/565 2371/1291/564
f 2376/1290/566 2375/1293/566 2373/1576/565
f 2378/1577/567 2377/1578/567 2375/1293/566
f 2380/1292/568 2379/1295/568 2377/1578/567
f 2382/1579/569 2381/1580/569 2379/1295/568
f 2384/1294/570 2383/1297/570 2381/1580/569
f 2386/1581/571 2385/1582/571 2383/1297/570
f 2388/1296/572 2387/1299/572 2385/1582/571
f 2390/1583/573 2389/1584/573 2387/1299/572
f 2392/1298/574 2391/1301/574 2389/1584/573
f 2394/1585/575 2393/1586/575 2391/1301/574
f 2396/1300/576 2395/1303/576 2393/1586/575
f 2398/1587/577 2397/1588/577 2395/1303/576
f 2400/1302/578 2399/1305/578 2397/1588/577
f 2402/1589/579 2401/1590/579 2399/1305/578
f 2404/1304/580 2403/1307/580 2401/1590/579
f 2406/1591/581 2405/1592/581 2403/1307/580
f 2408/1306/582 2407/1309/582 2405/1592/581
f 2410/1593/454 2409/1594/454 2407/1309/582
f 2412/1308/583 2411/1311/583 2409/1594/454
f 2414/1595/584 2413/1596/584 2411/1311/583
f 2416/1310/585 2415/1313/585 2413/1596/584
f 2418/1597/586 2417/1598/586 2415/1313/585
f 2420/1312/587 2419/1315/587 2417/1598/586
f 2422/786/588 2421/53/588 2419/1315/587
f 2424/1314/589 2423/1317/589 2421/53/588
f 2426/1599/590 2425/1600/590 2423/1317/589
f 2428/1316/591 2427/1319/591 2425/1600/590
f 2430/1601/592 2429/1602/592 2427/1319/591
f 2432/1318/593 2431/1321/593 2429/1602/592
f 2434/1603/594 2433/1604/594 2431/1321/593
f 2436/1320/595 2435/1323/595 2433/1604/594
f 2438/1605/596 2437/1606/596 2435/1323/595
f 2440/1322/597 2439/1325/599 2437/1606/596
f 2442/1607/598 2441/1608/598 2439/1325/599
f 2444/1324/600 2443/1327/600 2441/1608/598
f 2446/1609/601 2445/1610/601 2443/1327/600
f 2448/1326/602 2447/1329/602 2445/1610/601
f 2450/1611/603 2449/1612/603 2447/1329/602
f 2452/1328/604 2451/1331/604 2449/1612/603
f 2454/1613/605 2453/1614/605 2451/1331/604
f 2456/1330/606 2455/1333/606 2453/1614/605
f 2458/1615/607 2457/1616/607 2455/1333/606
f 2460/1332/608 2459/1335/608 2457/1616/607
f 2462/1617/609 2461/1618/609 2459/1335/608
f 2464/1334/610 2463/1337/610 2461/1618/609
f 2466/1619/611 2465/1620/611 2463/1337/610
f 2468/1336/612 2467/1339/612 2465/1620/611
f 2470/1621/613 2469/1622/613 2467/1339/612
f 2472/1338/614 2471/1341/614 2469/1622/613
f 2474/1623/615 2473/1624/615 2471/1341/614
f 2476/1340/616 2475/1343/616 2473/1624/615
f 2478/1625/617 2477/1626/617 2475/1343/616
f 2480/1342/618 2479/1345/618 2477/1626/617
f 2482/1627/619 2481/1628/619 2479/1345/618
f 2484/1344/620 2483/1347/620 2481/1628/619
f 2486/1629/621 2485/1630/621 2483/1347/620
f 2488/1346/622 2487/1349/622 2485/1630/621
f 2490/1631/623 2489/1632/623 2487/1349/622
f 2492/1348/624 2491/1350/626 2489/1632/623
f 2494/1633/625 2493/1634/625 2491/1350/626
f 2348/943/553 2347/48/553 2493/1634/625
f 2498/1635/627 2497/1637/629 2495/84/628
f 2500/1636/113 2499/1639/113 2497/1637/629
f 2502/1638/630 2501/1641/630 2499/1639/113
f 2504/1640/631 2503/1642/631 2501/1641/630
f 2506/692/632 2505/539/632 2503/1642/631
f 2508/1643/633 2507/1645/633 2505/539/632
f 2510/1644/634 2509/1647/636 2507/1645/633
f 2512/1646/635 2511/1649/635 2509/1647/636
f 2514/1648/637 2513/1650/637 2511/1649/635
f 2516/755/638 2515/524/638 2513/1650/637
f 2518/1651/639 2517/1653/639 2515/524/638
f 2520/1652/640 2519/1655/640 2517/1653/639
f 2522/1654/641 2521/1657/641 2519/1655/640
f 2524/1656/642 2523/1658/642 2521/1657/641
f 2526/817/643 2525/382/643 2523/1658/642
f 2528/1659/644 2527/1661/644 2525/382/643
f 2530/1660/645 2529/1663/645 2527/1661/644
f 2532/1662/646 2531/1665/648 2529/1663/645
f 2534/1664/647 2533/1666/647 2531/1665/648
f 2536/880/649 2535/395/651 2533/1666/647
f 2538/1667/650 2537/1669/650 2535/395/651
f 2540/1668/652 2539/1671/652 2537/1669/650
f 2542/1670/653 2541/1673/653 2539/1671/652
f 2544/1672/654 2543/1674/655 2541/1673/653
f 2496/943/628 2495/48/628 2543/1674/655
